id,seed,round,accuracy,loss
fixed,0,0,0.047,2.404
fixed,0,1,0.477,2.0455
fixed,0,2,0.501,1.993
fixed,0,3,0.3925,1.9606
fixed,0,4,0.4725,1.8183
fixed,0,5,0.4565,1.8193
fixed,0,6,0.4455,1.8705
fixed,0,7,0.4225,1.8942
fixed,0,8,0.4005,1.9957
fixed,0,9,0.4495,1.7612
fixed,0,10,0.411,1.8416
fixed,0,11,0.4215,1.83
fixed,0,12,0.3485,1.9226
fixed,0,13,0.386,1.8658
fixed,0,14,0.453,1.7414
fixed,0,15,0.4015,1.8428
fixed,0,16,0.43,1.8913
fixed,0,17,0.385,1.9375
fixed,0,18,0.4245,1.7595
fixed,0,19,0.405,1.8514
fixed,0,20,0.391,1.8393
fixed,0,21,0.3635,1.9612
fixed,0,22,0.388,1.8791
fixed,0,23,0.4375,1.6694
fixed,0,24,0.4195,1.7574
fixed,0,25,0.4355,1.6947
fixed,0,26,0.4135,1.8085
fixed,0,27,0.39,1.8732
fixed,0,28,0.415,1.8448
fixed,0,29,0.428,1.7259
fixed,0,30,0.4025,1.8005
fixed,0,31,0.406,1.9093
fixed,0,32,0.4115,1.8966
fixed,0,33,0.429,1.7584
fixed,0,34,0.376,2.0037
fixed,0,35,0.3675,2.0119
fixed,0,36,0.377,2.0351
fixed,0,37,0.4205,1.8598
fixed,0,38,0.382,2.0482
fixed,0,39,0.402,1.9607
fixed,0,40,0.456,1.7281
fixed,0,41,0.4395,1.8067
fixed,0,42,0.375,1.9992
fixed,0,43,0.4135,1.8918
fixed,0,44,0.445,1.7319
fixed,0,45,0.419,1.8214
fixed,0,46,0.392,1.9686
fixed,0,47,0.3795,2.0131
fixed,0,48,0.3965,1.9004
fixed,0,49,0.3725,2.0083
fixed,0,50,0.4315,1.8546
fixed,0,51,0.3565,2.0694
fixed,0,52,0.397,1.9736
fixed,0,53,0.3795,1.9318
fixed,0,54,0.4185,1.8548
fixed,0,55,0.397,1.9257
fixed,0,56,0.351,2.1981
fixed,0,57,0.356,2.183
fixed,0,58,0.464,1.6377
fixed,0,59,0.4195,1.9062
fixed,0,60,0.438,1.7847
fixed,0,61,0.4295,1.817
fixed,0,62,0.396,2.0072
fixed,0,63,0.442,1.8161
fixed,0,64,0.454,1.7261
fixed,0,65,0.4375,1.8957
fixed,0,66,0.442,1.8623
fixed,0,67,0.422,1.9197
fixed,0,68,0.463,1.7352
fixed,0,69,0.4345,1.8663
fixed,0,70,0.3565,2.2995
fixed,0,71,0.362,2.2379
fixed,0,72,0.466,1.7166
fixed,0,73,0.453,1.831
fixed,0,74,0.4805,1.7164
fixed,0,75,0.4815,1.6897
fixed,0,76,0.416,1.9675
fixed,0,77,0.4445,1.9574
fixed,0,78,0.487,1.6944
fixed,0,79,0.4675,1.7446
fixed,0,80,0.4345,1.9536
fixed,0,81,0.427,2.0407
fixed,0,82,0.4445,1.964
fixed,0,83,0.4385,2.0772
fixed,0,84,0.427,2.0767
fixed,0,85,0.414,2.1327
fixed,0,86,0.403,2.2575
fixed,0,87,0.42,2.0895
fixed,0,88,0.4445,1.9907
fixed,0,89,0.419,2.0453
fixed,0,90,0.3715,2.2376
fixed,0,91,0.412,2.0068
fixed,0,92,0.4425,1.9858
fixed,0,93,0.4445,2.0073
fixed,0,94,0.4525,1.9609
fixed,0,95,0.431,2.0593
fixed,0,96,0.449,1.9661
fixed,0,97,0.4635,1.9126
fixed,0,98,0.431,2.0532
fixed,0,99,0.438,2.018
fixed,0,100,0.523,1.6625
fixed,0,101,0.523,1.6716
fixed,0,102,0.475,1.884
fixed,0,103,0.4435,2.0282
fixed,0,104,0.4495,2.092
fixed,0,105,0.446,2.0189
fixed,0,106,0.4475,2.0473
fixed,0,107,0.438,2.1062
fixed,0,108,0.4515,1.9879
fixed,0,109,0.443,2.0556
fixed,0,110,0.4475,2.0142
fixed,0,111,0.4755,1.8472
fixed,0,112,0.4405,2.0487
fixed,0,113,0.478,1.828
fixed,0,114,0.516,1.684
fixed,0,115,0.4525,2.0053
fixed,0,116,0.47,1.8961
fixed,0,117,0.429,2.135
fixed,0,118,0.4425,1.9631
fixed,0,119,0.449,1.9985
fixed,0,120,0.4615,1.8689
fixed,0,121,0.519,1.6521
fixed,0,122,0.4885,1.7786
fixed,0,123,0.473,1.8115
fixed,0,124,0.441,2.0076
fixed,0,125,0.4595,1.8585
fixed,0,126,0.429,2.0572
fixed,0,127,0.421,2.077
fixed,0,128,0.447,2.0236
fixed,0,129,0.4635,1.8614
fixed,0,130,0.455,1.938
fixed,0,131,0.516,1.65
fixed,0,132,0.457,1.9799
fixed,0,133,0.478,1.8602
fixed,0,134,0.4805,1.8781
fixed,0,135,0.4255,2.0586
fixed,0,136,0.484,1.7939
fixed,0,137,0.476,1.922
fixed,0,138,0.496,1.7357
fixed,0,139,0.5035,1.7353
fixed,0,140,0.482,1.871
fixed,0,141,0.444,2.0372
fixed,0,142,0.4655,2.0014
fixed,0,143,0.4545,2.0089
fixed,0,144,0.441,2.081
fixed,0,145,0.419,2.1881
fixed,0,146,0.428,2.1671
fixed,0,147,0.446,2.1006
fixed,0,148,0.457,1.9336
fixed,0,149,0.436,2.0547
fixed,0,150,0.439,2.1415
fixed,0,151,0.443,2.0886
fixed,0,152,0.461,2.0283
fixed,0,153,0.504,1.8318
fixed,0,154,0.459,2.0169
fixed,0,155,0.4895,1.8935
fixed,0,156,0.4605,2.0044
fixed,0,157,0.4725,1.9639
fixed,0,158,0.4485,2.1393
fixed,0,159,0.4575,2.1008
fixed,0,160,0.4595,2.1287
fixed,0,161,0.475,2.0462
fixed,0,162,0.4925,1.8904
fixed,0,163,0.4625,2.0722
fixed,0,164,0.461,2.1085
fixed,0,165,0.469,2.0184
fixed,0,166,0.4765,2.0172
fixed,0,167,0.454,2.1478
fixed,0,168,0.4715,2.1147
fixed,0,169,0.474,2.0522
fixed,0,170,0.4745,2.101
fixed,0,171,0.4885,1.9515
fixed,0,172,0.476,2.0417
fixed,0,173,0.471,2.0557
fixed,0,174,0.508,1.8106
fixed,0,175,0.4575,2.0635
fixed,0,176,0.4515,2.1671
fixed,0,177,0.4805,1.9544
fixed,0,178,0.465,2.0655
fixed,0,179,0.467,2.0873
fixed,0,180,0.4945,2.0185
fixed,0,181,0.503,1.8675
fixed,0,182,0.455,2.2065
fixed,0,183,0.447,2.227
fixed,0,184,0.4555,2.1276
fixed,0,185,0.428,2.3799
fixed,0,186,0.4885,1.9355
fixed,0,187,0.49,1.9689
fixed,0,188,0.4525,2.1891
fixed,0,189,0.5135,1.868
fixed,0,190,0.444,2.1684
fixed,0,191,0.466,2.1421
fixed,0,192,0.475,2.1405
fixed,0,193,0.4515,2.185
fixed,0,194,0.4565,2.124
fixed,0,195,0.449,2.1406
fixed,0,196,0.459,2.073
fixed,0,197,0.4805,2.0555
fixed,0,198,0.441,2.259
fixed,0,199,0.4825,1.9396
fixed,0,200,0.4845,1.9275
fixed,1,0,0.047,2.404
fixed,1,1,0.5525,1.9617
fixed,1,2,0.608,1.7854
fixed,1,3,0.5435,1.771
fixed,1,4,0.4415,1.8502
fixed,1,5,0.437,1.818
fixed,1,6,0.3315,1.9765
fixed,1,7,0.395,1.857
fixed,1,8,0.3425,1.948
fixed,1,9,0.4225,1.8041
fixed,1,10,0.3615,1.887
fixed,1,11,0.3855,1.852
fixed,1,12,0.4195,1.7313
fixed,1,13,0.422,1.7269
fixed,1,14,0.478,1.5929
fixed,1,15,0.41,1.7494
fixed,1,16,0.4125,1.7714
fixed,1,17,0.429,1.7344
fixed,1,18,0.418,1.7399
fixed,1,19,0.4295,1.7296
fixed,1,20,0.4635,1.6308
fixed,1,21,0.449,1.6304
fixed,1,22,0.4095,1.8028
fixed,1,23,0.44,1.6818
fixed,1,24,0.452,1.6204
fixed,1,25,0.3675,1.9176
fixed,1,26,0.439,1.7937
fixed,1,27,0.4015,1.791
fixed,1,28,0.34,1.9536
fixed,1,29,0.4635,1.5769
fixed,1,30,0.4285,1.7232
fixed,1,31,0.4565,1.6194
fixed,1,32,0.4155,1.7955
fixed,1,33,0.435,1.7067
fixed,1,34,0.4695,1.6147
fixed,1,35,0.4385,1.632
fixed,1,36,0.418,1.7562
fixed,1,37,0.4115,1.7975
fixed,1,38,0.4555,1.6643
fixed,1,39,0.442,1.7874
fixed,1,40,0.473,1.6233
fixed,1,41,0.419,1.817
fixed,1,42,0.4555,1.7076
fixed,1,43,0.4645,1.6259
fixed,1,44,0.415,1.8535
fixed,1,45,0.4325,1.7763
fixed,1,46,0.471,1.6708
fixed,1,47,0.4575,1.6669
fixed,1,48,0.419,1.8011
fixed,1,49,0.417,1.8377
fixed,1,50,0.4135,1.8315
fixed,1,51,0.414,1.7982
fixed,1,52,0.426,1.895
fixed,1,53,0.4205,1.8387
fixed,1,54,0.4085,1.8639
fixed,1,55,0.437,1.7649
fixed,1,56,0.46,1.694
fixed,1,57,0.462,1.7695
fixed,1,58,0.448,1.7851
fixed,1,59,0.388,1.9871
fixed,1,60,0.4155,1.8917
fixed,1,61,0.411,1.918
fixed,1,62,0.43,1.8817
fixed,1,63,0.4045,1.9383
fixed,1,64,0.3845,2.0847
fixed,1,65,0.4,1.9933
fixed,1,66,0.4035,2.0306
fixed,1,67,0.379,2.1035
fixed,1,68,0.442,1.7332
fixed,1,69,0.4255,1.841
fixed,1,70,0.419,1.8834
fixed,1,71,0.395,1.9847
fixed,1,72,0.402,2.0402
fixed,1,73,0.46,1.7336
fixed,1,74,0.365,2.1815
fixed,1,75,0.4335,1.9254
fixed,1,76,0.4225,1.8967
fixed,1,77,0.408,1.9938
fixed,1,78,0.342,2.3692
fixed,1,79,0.441,1.9045
fixed,1,80,0.454,1.7918
fixed,1,81,0.4335,1.9093
fixed,1,82,0.4445,1.8953
fixed,1,83,0.395,2.0694
fixed,1,84,0.4165,1.9723
fixed,1,85,0.3895,2.0805
fixed,1,86,0.4265,1.9966
fixed,1,87,0.3905,2.1154
fixed,1,88,0.4065,2.0447
fixed,1,89,0.4615,1.8062
fixed,1,90,0.44,1.8259
fixed,1,91,0.3975,2.0339
fixed,1,92,0.472,1.7704
fixed,1,93,0.4025,2.1167
fixed,1,94,0.4635,1.7905
fixed,1,95,0.4145,1.9731
fixed,1,96,0.3685,2.2345
fixed,1,97,0.375,2.2414
fixed,1,98,0.4215,1.9867
fixed,1,99,0.4515,1.8616
fixed,1,100,0.429,1.9582
fixed,1,101,0.442,1.9562
fixed,1,102,0.4525,1.9191
fixed,1,103,0.4445,1.9775
fixed,1,104,0.4155,2.1489
fixed,1,105,0.438,2.0361
fixed,1,106,0.4375,2.0058
fixed,1,107,0.411,2.1765
fixed,1,108,0.4825,1.8199
fixed,1,109,0.399,2.2506
fixed,1,110,0.429,2.0324
fixed,1,111,0.4485,1.9507
fixed,1,112,0.417,2.0414
fixed,1,113,0.424,2.1434
fixed,1,114,0.4375,2.0073
fixed,1,115,0.457,1.8924
fixed,1,116,0.44,2.014
fixed,1,117,0.424,2.1477
fixed,1,118,0.426,2.171
fixed,1,119,0.474,1.8316
fixed,1,120,0.453,2.0222
fixed,1,121,0.4175,2.1953
fixed,1,122,0.4405,2.0865
fixed,1,123,0.4085,2.2882
fixed,1,124,0.489,1.8762
fixed,1,125,0.4315,2.212
fixed,1,126,0.444,2.0349
fixed,1,127,0.4755,1.9105
fixed,1,128,0.4305,2.141
fixed,1,129,0.45,2.1797
fixed,1,130,0.439,2.2162
fixed,1,131,0.4375,2.1052
fixed,1,132,0.4175,2.2451
fixed,1,133,0.468,1.9984
fixed,1,134,0.4795,1.9445
fixed,1,135,0.513,1.7909
fixed,1,136,0.4995,1.8123
fixed,1,137,0.489,1.8533
fixed,1,138,0.446,2.0648
fixed,1,139,0.452,2.1094
fixed,1,140,0.4415,2.1358
fixed,1,141,0.4535,2.0934
fixed,1,142,0.4565,2.0476
fixed,1,143,0.487,1.9355
fixed,1,144,0.459,2.072
fixed,1,145,0.482,1.9283
fixed,1,146,0.4815,1.8987
fixed,1,147,0.483,1.9691
fixed,1,148,0.4485,2.1553
fixed,1,149,0.434,2.3
fixed,1,150,0.468,2.109
fixed,1,151,0.4805,2.0281
fixed,1,152,0.4765,2.0562
fixed,1,153,0.4805,2.0102
fixed,1,154,0.523,1.8486
fixed,1,155,0.4625,2.116
fixed,1,156,0.438,2.2733
fixed,1,157,0.477,2.0113
fixed,1,158,0.459,2.1109
fixed,1,159,0.4045,2.4881
fixed,1,160,0.4585,2.1282
fixed,1,161,0.449,2.2135
fixed,1,162,0.4835,2.0806
fixed,1,163,0.4295,2.4013
fixed,1,164,0.4695,2.1138
fixed,1,165,0.461,2.1637
fixed,1,166,0.494,2.0077
fixed,1,167,0.4675,2.1142
fixed,1,168,0.417,2.3652
fixed,1,169,0.472,2.0419
fixed,1,170,0.452,2.2031
fixed,1,171,0.4895,2.0186
fixed,1,172,0.4755,2.1194
fixed,1,173,0.431,2.3189
fixed,1,174,0.448,2.2152
fixed,1,175,0.4725,2.057
fixed,1,176,0.4535,2.1173
fixed,1,177,0.4445,2.1745
fixed,1,178,0.471,2.1289
fixed,1,179,0.4725,2.1122
fixed,1,180,0.449,2.2175
fixed,1,181,0.519,1.8991
fixed,1,182,0.456,2.2489
fixed,1,183,0.4655,2.1637
fixed,1,184,0.441,2.2948
fixed,1,185,0.4635,2.1526
fixed,1,186,0.4855,2.0989
fixed,1,187,0.463,2.2419
fixed,1,188,0.4525,2.2702
fixed,1,189,0.4535,2.2963
fixed,1,190,0.5055,1.9969
fixed,1,191,0.473,2.1795
fixed,1,192,0.4675,2.2103
fixed,1,193,0.494,2.0497
fixed,1,194,0.479,2.2139
fixed,1,195,0.491,2.1126
fixed,1,196,0.502,1.9859
fixed,1,197,0.538,1.7181
fixed,1,198,0.4865,2.0472
fixed,1,199,0.49,2.0246
fixed,1,200,0.485,2.0016
fixed,2,0,0.047,2.404
fixed,2,1,0.448,2.1269
fixed,2,2,0.5385,1.9445
fixed,2,3,0.435,1.9684
fixed,2,4,0.429,1.8771
fixed,2,5,0.4645,1.8033
fixed,2,6,0.4545,1.8024
fixed,2,7,0.336,1.8799
fixed,2,8,0.418,1.7881
fixed,2,9,0.451,1.7593
fixed,2,10,0.3945,1.8779
fixed,2,11,0.3725,1.8665
fixed,2,12,0.453,1.7432
fixed,2,13,0.368,1.8841
fixed,2,14,0.4525,1.6903
fixed,2,15,0.4095,1.8248
fixed,2,16,0.4635,1.6081
fixed,2,17,0.381,1.8343
fixed,2,18,0.4045,1.7161
fixed,2,19,0.371,1.8684
fixed,2,20,0.4375,1.645
fixed,2,21,0.363,1.9369
fixed,2,22,0.4495,1.6684
fixed,2,23,0.3935,1.8296
fixed,2,24,0.402,1.8321
fixed,2,25,0.4,1.8455
fixed,2,26,0.4225,1.7443
fixed,2,27,0.451,1.6537
fixed,2,28,0.405,1.8919
fixed,2,29,0.4005,1.8412
fixed,2,30,0.429,1.7415
fixed,2,31,0.3585,2.0018
fixed,2,32,0.3925,1.8903
fixed,2,33,0.406,1.8158
fixed,2,34,0.3785,1.925
fixed,2,35,0.4375,1.7194
fixed,2,36,0.416,1.8202
fixed,2,37,0.3495,1.9683
fixed,2,38,0.3895,1.7914
fixed,2,39,0.4025,1.852
fixed,2,40,0.401,1.8924
fixed,2,41,0.392,1.867
fixed,2,42,0.396,1.8522
fixed,2,43,0.3815,1.9253
fixed,2,44,0.4155,1.8242
fixed,2,45,0.426,1.8087
fixed,2,46,0.377,1.9974
fixed,2,47,0.376,2.0046
fixed,2,48,0.412,1.9051
fixed,2,49,0.4545,1.6889
fixed,2,50,0.42,1.8746
fixed,2,51,0.41,1.896
fixed,2,52,0.401,2.0187
fixed,2,53,0.45,1.7467
fixed,2,54,0.4145,1.9169
fixed,2,55,0.4245,1.8076
fixed,2,56,0.4035,1.9508
fixed,2,57,0.41,1.943
fixed,2,58,0.407,1.9394
fixed,2,59,0.4335,1.831
fixed,2,60,0.351,2.2076
fixed,2,61,0.4065,1.9693
fixed,2,62,0.4605,1.7404
fixed,2,63,0.3825,2.0994
fixed,2,64,0.421,1.9739
fixed,2,65,0.426,1.8604
fixed,2,66,0.427,1.8754
fixed,2,67,0.388,2.0594
fixed,2,68,0.4245,1.8638
fixed,2,69,0.408,1.9322
fixed,2,70,0.4095,1.9291
fixed,2,71,0.419,1.965
fixed,2,72,0.386,2.1383
fixed,2,73,0.4225,1.9846
fixed,2,74,0.3935,2.0366
fixed,2,75,0.383,2.1433
fixed,2,76,0.396,2.0833
fixed,2,77,0.4145,2.0012
fixed,2,78,0.4135,1.9986
fixed,2,79,0.407,2.0732
fixed,2,80,0.3905,2.1046
fixed,2,81,0.3785,2.1872
fixed,2,82,0.44,1.8651
fixed,2,83,0.418,2.0629
fixed,2,84,0.448,1.8534
fixed,2,85,0.3955,2.1439
fixed,2,86,0.4,2.0956
fixed,2,87,0.4555,1.7795
fixed,2,88,0.426,2.0079
fixed,2,89,0.443,1.9321
fixed,2,90,0.381,2.274
fixed,2,91,0.451,1.8573
fixed,2,92,0.4455,1.9417
fixed,2,93,0.451,1.9015
fixed,2,94,0.429,1.9864
fixed,2,95,0.4305,1.9594
fixed,2,96,0.439,1.9301
fixed,2,97,0.383,2.285
fixed,2,98,0.4405,1.9309
fixed,2,99,0.4305,2.0512
fixed,2,100,0.4435,1.9678
fixed,2,101,0.4275,2.039
fixed,2,102,0.4505,1.9943
fixed,2,103,0.4465,2.0332
fixed,2,104,0.411,2.1846
fixed,2,105,0.465,1.9355
fixed,2,106,0.4655,1.987
fixed,2,107,0.4365,2.1395
fixed,2,108,0.474,1.8986
fixed,2,109,0.47,1.9311
fixed,2,110,0.4225,2.2112
fixed,2,111,0.4775,1.8595
fixed,2,112,0.4555,1.9714
fixed,2,113,0.454,2.0132
fixed,2,114,0.4585,1.958
fixed,2,115,0.454,1.9745
fixed,2,116,0.451,2.1166
fixed,2,117,0.48,1.8369
fixed,2,118,0.4665,1.9315
fixed,2,119,0.428,2.2034
fixed,2,120,0.51,1.8069
fixed,2,121,0.481,1.9656
fixed,2,122,0.4485,2.0912
fixed,2,123,0.4315,2.2514
fixed,2,124,0.4355,2.1554
fixed,2,125,0.4675,2.0468
fixed,2,126,0.4295,2.2425
fixed,2,127,0.469,1.9825
fixed,2,128,0.478,1.971
fixed,2,129,0.4925,1.901
fixed,2,130,0.4755,1.992
fixed,2,131,0.449,2.1662
fixed,2,132,0.4805,1.9539
fixed,2,133,0.4655,2.0149
fixed,2,134,0.421,2.2908
fixed,2,135,0.4375,2.0934
fixed,2,136,0.466,1.9944
fixed,2,137,0.446,2.0538
fixed,2,138,0.4435,2.1475
fixed,2,139,0.444,2.1152
fixed,2,140,0.4625,1.9924
fixed,2,141,0.429,2.1686
fixed,2,142,0.449,2.0438
fixed,2,143,0.4035,2.3203
fixed,2,144,0.471,1.9639
fixed,2,145,0.428,2.1994
fixed,2,146,0.436,2.174
fixed,2,147,0.4505,2.1287
fixed,2,148,0.438,2.1914
fixed,2,149,0.465,2.04
fixed,2,150,0.462,2.0601
fixed,2,151,0.4155,2.4415
fixed,2,152,0.4095,2.3769
fixed,2,153,0.408,2.3671
fixed,2,154,0.41,2.3408
fixed,2,155,0.4335,2.1409
fixed,2,156,0.408,2.3351
fixed,2,157,0.456,2.1209
fixed,2,158,0.4755,2.0175
fixed,2,159,0.456,2.2373
fixed,2,160,0.456,2.2532
fixed,2,161,0.453,2.1725
fixed,2,162,0.4385,2.2859
fixed,2,163,0.4425,2.2219
fixed,2,164,0.4555,2.2092
fixed,2,165,0.4605,2.1181
fixed,2,166,0.4425,2.1793
fixed,2,167,0.509,1.8675
fixed,2,168,0.4735,2.1209
fixed,2,169,0.472,2.1596
fixed,2,170,0.4555,2.1941
fixed,2,171,0.4705,2.1012
fixed,2,172,0.46,2.1501
fixed,2,173,0.4345,2.2594
fixed,2,174,0.448,2.1954
fixed,2,175,0.4575,2.1673
fixed,2,176,0.448,2.2442
fixed,2,177,0.447,2.2504
fixed,2,178,0.483,2.1079
fixed,2,179,0.4465,2.2995
fixed,2,180,0.5125,1.9806
fixed,2,181,0.439,2.2712
fixed,2,182,0.4715,2.1343
fixed,2,183,0.4745,2.164
fixed,2,184,0.4925,1.9944
fixed,2,185,0.4765,2.0891
fixed,2,186,0.4535,2.2195
fixed,2,187,0.4505,2.2597
fixed,2,188,0.4225,2.3504
fixed,2,189,0.454,2.3007
fixed,2,190,0.4295,2.3505
fixed,2,191,0.465,2.1961
fixed,2,192,0.425,2.357
fixed,2,193,0.4395,2.2646
fixed,2,194,0.441,2.2589
fixed,2,195,0.4405,2.2017
fixed,2,196,0.4095,2.4909
fixed,2,197,0.448,2.287
fixed,2,198,0.473,2.1825
fixed,2,199,0.433,2.3256
fixed,2,200,0.501,2.0241
dpa-dp-0.85,0,0,0.047,2.404
dpa-dp-0.85,0,1,0.4685,2.0499
dpa-dp-0.85,0,2,0.4915,2.0009
dpa-dp-0.85,0,3,0.3765,1.97
dpa-dp-0.85,0,4,0.472,1.8205
dpa-dp-0.85,0,5,0.4555,1.8206
dpa-dp-0.85,0,6,0.448,1.8729
dpa-dp-0.85,0,7,0.425,1.9022
dpa-dp-0.85,0,8,0.3935,2.0148
dpa-dp-0.85,0,9,0.451,1.767
dpa-dp-0.85,0,10,0.406,1.8549
dpa-dp-0.85,0,11,0.418,1.8471
dpa-dp-0.85,0,12,0.3425,1.9432
dpa-dp-0.85,0,13,0.38,1.8792
dpa-dp-0.85,0,14,0.4585,1.75
dpa-dp-0.85,0,15,0.399,1.8532
dpa-dp-0.85,0,16,0.4335,1.8994
dpa-dp-0.85,0,17,0.3775,1.9488
dpa-dp-0.85,0,18,0.422,1.7686
dpa-dp-0.85,0,19,0.4,1.8679
dpa-dp-0.85,0,20,0.386,1.8516
dpa-dp-0.85,0,21,0.3595,1.9781
dpa-dp-0.85,0,22,0.381,1.8988
dpa-dp-0.85,0,23,0.4395,1.6645
dpa-dp-0.85,0,24,0.413,1.7731
dpa-dp-0.85,0,25,0.4275,1.7071
dpa-dp-0.85,0,26,0.41,1.8175
dpa-dp-0.85,0,27,0.385,1.8921
dpa-dp-0.85,0,28,0.4075,1.8637
dpa-dp-0.85,0,29,0.422,1.739
dpa-dp-0.85,0,30,0.3985,1.8125
dpa-dp-0.85,0,31,0.407,1.9244
dpa-dp-0.85,0,32,0.4105,1.9108
dpa-dp-0.85,0,33,0.4265,1.7626
dpa-dp-0.85,0,34,0.377,2.0218
dpa-dp-0.85,0,35,0.356,2.0452
dpa-dp-0.85,0,36,0.375,2.0604
dpa-dp-0.85,0,37,0.422,1.8641
dpa-dp-0.85,0,38,0.375,2.0592
dpa-dp-0.85,0,39,0.4045,1.9866
dpa-dp-0.85,0,40,0.4515,1.7375
dpa-dp-0.85,0,41,0.4425,1.8139
dpa-dp-0.85,0,42,0.3685,2.0158
dpa-dp-0.85,0,43,0.4145,1.899
dpa-dp-0.85,0,44,0.448,1.743
dpa-dp-0.85,0,45,0.416,1.832
dpa-dp-0.85,0,46,0.39,1.9884
dpa-dp-0.85,0,47,0.3745,2.0287
dpa-dp-0.85,0,48,0.3905,1.9112
dpa-dp-0.85,0,49,0.3735,2.0195
dpa-dp-0.85,0,50,0.426,1.8668
dpa-dp-0.85,0,51,0.3465,2.1014
dpa-dp-0.85,0,52,0.388,2.0071
dpa-dp-0.85,0,53,0.3805,1.9373
dpa-dp-0.85,0,54,0.41,1.877
dpa-dp-0.85,0,55,0.3925,1.949
dpa-dp-0.85,0,56,0.339,2.24
dpa-dp-0.85,0,57,0.342,2.2203
dpa-dp-0.85,0,58,0.467,1.6278
dpa-dp-0.85,0,59,0.4135,1.9013
dpa-dp-0.85,0,60,0.4365,1.7962
dpa-dp-0.85,0,61,0.427,1.8151
dpa-dp-0.85,0,62,0.3915,2.0149
dpa-dp-0.85,0,63,0.444,1.8052
dpa-dp-0.85,0,64,0.458,1.7139
dpa-dp-0.85,0,65,0.4375,1.8991
dpa-dp-0.85,0,66,0.435,1.8794
dpa-dp-0.85,0,67,0.416,1.9291
dpa-dp-0.85,0,68,0.455,1.7391
dpa-dp-0.85,0,69,0.43,1.8962
dpa-dp-0.85,0,70,0.35,2.3311
dpa-dp-0.85,0,71,0.355,2.275
dpa-dp-0.85,0,72,0.4625,1.7254
dpa-dp-0.85,0,73,0.453,1.8498
dpa-dp-0.85,0,74,0.4745,1.7247
dpa-dp-0.85,0,75,0.485,1.6887
dpa-dp-0.85,0,76,0.4135,1.9788
dpa-dp-0.85,0,77,0.434,1.9948
dpa-dp-0.85,0,78,0.4825,1.6947
dpa-dp-0.85,0,79,0.4755,1.7427
dpa-dp-0.85,0,80,0.434,1.9646
dpa-dp-0.85,0,81,0.4295,2.0483
dpa-dp-0.85,0,82,0.437,1.9937
dpa-dp-0.85,0,83,0.428,2.109
dpa-dp-0.85,0,84,0.4155,2.1376
dpa-dp-0.85,0,85,0.4095,2.1577
dpa-dp-0.85,0,86,0.4005,2.2791
dpa-dp-0.85,0,87,0.4145,2.1453
dpa-dp-0.85,0,88,0.4415,1.9893
dpa-dp-0.85,0,89,0.414,2.0749
dpa-dp-0.85,0,90,0.366,2.284
dpa-dp-0.85,0,91,0.4095,2.0174
dpa-dp-0.85,0,92,0.4455,2.0061
dpa-dp-0.85,0,93,0.4425,2.0442
dpa-dp-0.85,0,94,0.446,1.9892
dpa-dp-0.85,0,95,0.429,2.0689
dpa-dp-0.85,0,96,0.45,1.9968
dpa-dp-0.85,0,97,0.461,1.937
dpa-dp-0.85,0,98,0.4205,2.0761
dpa-dp-0.85,0,99,0.429,2.0473
dpa-dp-0.85,0,100,0.523,1.6743
dpa-dp-0.85,0,101,0.522,1.6887
dpa-dp-0.85,0,102,0.4725,1.8976
dpa-dp-0.85,0,103,0.4465,2.0399
dpa-dp-0.85,0,104,0.442,2.1177
dpa-dp-0.85,0,105,0.439,2.0396
dpa-dp-0.85,0,106,0.442,2.0572
dpa-dp-0.85,0,107,0.436,2.1137
dpa-dp-0.85,0,108,0.4535,1.9872
dpa-dp-0.85,0,109,0.445,2.0808
dpa-dp-0.85,0,110,0.436,2.0759
dpa-dp-0.85,0,111,0.479,1.8528
dpa-dp-0.85,0,112,0.433,2.0635
dpa-dp-0.85,0,113,0.4795,1.8293
dpa-dp-0.85,0,114,0.5145,1.6837
dpa-dp-0.85,0,115,0.4455,2.0211
dpa-dp-0.85,0,116,0.471,1.9158
dpa-dp-0.85,0,117,0.4265,2.189
dpa-dp-0.85,0,118,0.4355,2.0105
dpa-dp-0.85,0,119,0.442,2.0458
dpa-dp-0.85,0,120,0.461,1.8712
dpa-dp-0.85,0,121,0.5185,1.6569
dpa-dp-0.85,0,122,0.4815,1.8047
dpa-dp-0.85,0,123,0.4745,1.8309
dpa-dp-0.85,0,124,0.4325,2.0335
dpa-dp-0.85,0,125,0.4515,1.8878
dpa-dp-0.85,0,126,0.429,2.0825
dpa-dp-0.85,0,127,0.4225,2.0947
dpa-dp-0.85,0,128,0.4455,2.0607
dpa-dp-0.85,0,129,0.46,1.8753
dpa-dp-0.85,0,130,0.454,1.9697
dpa-dp-0.85,0,131,0.515,1.6722
dpa-dp-0.85,0,132,0.462,1.995
dpa-dp-0.85,0,133,0.4745,1.8859
dpa-dp-0.85,0,134,0.474,1.9005
dpa-dp-0.85,0,135,0.4185,2.1038
dpa-dp-0.85,0,136,0.4745,1.8311
dpa-dp-0.85,0,137,0.4775,1.9222
dpa-dp-0.85,0,138,0.5025,1.7436
dpa-dp-0.85,0,139,0.5035,1.739
dpa-dp-0.85,0,140,0.48,1.8842
dpa-dp-0.85,0,141,0.4425,2.0438
dpa-dp-0.85,0,142,0.4645,2.0122
dpa-dp-0.85,0,143,0.449,2.0317
dpa-dp-0.85,0,144,0.4375,2.1135
dpa-dp-0.85,0,145,0.403,2.2142
dpa-dp-0.85,0,146,0.423,2.2006
dpa-dp-0.85,0,147,0.4395,2.1245
dpa-dp-0.85,0,148,0.4625,1.9677
dpa-dp-0.85,0,149,0.4355,2.0974
dpa-dp-0.85,0,150,0.4355,2.1694
dpa-dp-0.85,0,151,0.447,2.0839
dpa-dp-0.85,0,152,0.4615,2.0402
dpa-dp-0.85,0,153,0.4955,1.8544
dpa-dp-0.85,0,154,0.453,2.0517
dpa-dp-0.85,0,155,0.4935,1.9027
dpa-dp-0.85,0,156,0.458,2.0134
dpa-dp-0.85,0,157,0.469,1.974
dpa-dp-0.85,0,158,0.438,2.198
dpa-dp-0.85,0,159,0.442,2.1482
dpa-dp-0.85,0,160,0.454,2.17
dpa-dp-0.85,0,161,0.469,2.0349
dpa-dp-0.85,0,162,0.483,1.9219
dpa-dp-0.85,0,163,0.458,2.0901
dpa-dp-0.85,0,164,0.465,2.1005
dpa-dp-0.85,0,165,0.4765,2.0301
dpa-dp-0.85,0,166,0.476,2.0398
dpa-dp-0.85,0,167,0.454,2.1609
dpa-dp-0.85,0,168,0.474,2.1236
dpa-dp-0.85,0,169,0.484,2.0607
dpa-dp-0.85,0,170,0.4685,2.1237
dpa-dp-0.85,0,171,0.489,1.9583
dpa-dp-0.85,0,172,0.4795,2.0653
dpa-dp-0.85,0,173,0.4745,2.0616
dpa-dp-0.85,0,174,0.5035,1.8563
dpa-dp-0.85,0,175,0.455,2.1051
dpa-dp-0.85,0,176,0.4505,2.1819
dpa-dp-0.85,0,177,0.4765,1.9776
dpa-dp-0.85,0,178,0.459,2.0929
dpa-dp-0.85,0,179,0.4695,2.0848
dpa-dp-0.85,0,180,0.489,2.0623
dpa-dp-0.85,0,181,0.5045,1.8561
dpa-dp-0.85,0,182,0.467,2.1175
dpa-dp-0.85,0,183,0.4645,2.1038
dpa-dp-0.85,0,184,0.464,2.0538
dpa-dp-0.85,0,185,0.4475,2.2128
dpa-dp-0.85,0,186,0.4855,1.9457
dpa-dp-0.85,0,187,0.491,1.9186
dpa-dp-0.85,0,188,0.4725,2.1059
dpa-dp-0.85,0,189,0.529,1.809
dpa-dp-0.85,0,190,0.472,2.0566
dpa-dp-0.85,0,191,0.4755,2.0666
dpa-dp-0.85,0,192,0.494,2.0037
dpa-dp-0.85,0,193,0.4775,2.0301
dpa-dp-0.85,0,194,0.4695,2.023
dpa-dp-0.85,0,195,0.4645,2.0151
dpa-dp-0.85,0,196,0.4705,1.9992
dpa-dp-0.85,0,197,0.4815,2.0258
dpa-dp-0.85,0,198,0.4595,2.0828
dpa-dp-0.85,0,199,0.4975,1.8807
dpa-dp-0.85,0,200,0.498,1.8542
dpa-dp-0.85,1,0,0.047,2.404
dpa-dp-0.85,1,1,0.5475,1.9605
dpa-dp-0.85,1,2,0.608,1.7823
dpa-dp-0.85,1,3,0.546,1.7654
dpa-dp-0.85,1,4,0.446,1.8499
dpa-dp-0.85,1,5,0.4355,1.8231
dpa-dp-0.85,1,6,0.3275,1.9844
dpa-dp-0.85,1,7,0.3955,1.8594
dpa-dp-0.85,1,8,0.3385,1.9574
dpa-dp-0.85,1,9,0.4145,1.8109
dpa-dp-0.85,1,10,0.36,1.8952
dpa-dp-0.85,1,11,0.3815,1.8643
dpa-dp-0.85,1,12,0.417,1.7392
dpa-dp-0.85,1,13,0.4185,1.7367
dpa-dp-0.85,1,14,0.4755,1.5943
dpa-dp-0.85,1,15,0.408,1.7518
dpa-dp-0.85,1,16,0.416,1.7708
dpa-dp-0.85,1,17,0.429,1.7288
dpa-dp-0.85,1,18,0.418,1.7423
dpa-dp-0.85,1,19,0.43,1.729
dpa-dp-0.85,1,20,0.466,1.6241
dpa-dp-0.85,1,21,0.446,1.6355
dpa-dp-0.85,1,22,0.4065,1.8159
dpa-dp-0.85,1,23,0.439,1.68
dpa-dp-0.85,1,24,0.453,1.6239
dpa-dp-0.85,1,25,0.3645,1.9318
dpa-dp-0.85,1,26,0.4325,1.8049
dpa-dp-0.85,1,27,0.3975,1.7957
dpa-dp-0.85,1,28,0.335,1.9691
dpa-dp-0.85,1,29,0.4655,1.5791
dpa-dp-0.85,1,30,0.43,1.7306
dpa-dp-0.85,1,31,0.458,1.618
dpa-dp-0.85,1,32,0.4145,1.7978
dpa-dp-0.85,1,33,0.437,1.69
dpa-dp-0.85,1,34,0.4655,1.6243
dpa-dp-0.85,1,35,0.439,1.6352
dpa-dp-0.85,1,36,0.4145,1.7628
dpa-dp-0.85,1,37,0.412,1.8082
dpa-dp-0.85,1,38,0.457,1.6628
dpa-dp-0.85,1,39,0.439,1.8029
dpa-dp-0.85,1,40,0.4775,1.6248
dpa-dp-0.85,1,41,0.4145,1.832
dpa-dp-0.85,1,42,0.46,1.7125
dpa-dp-0.85,1,43,0.4665,1.6238
dpa-dp-0.85,1,44,0.4165,1.8672
dpa-dp-0.85,1,45,0.4275,1.7765
dpa-dp-0.85,1,46,0.471,1.6724
dpa-dp-0.85,1,47,0.4665,1.654
dpa-dp-0.85,1,48,0.4225,1.7992
dpa-dp-0.85,1,49,0.417,1.8297
dpa-dp-0.85,1,50,0.4195,1.8384
dpa-dp-0.85,1,51,0.412,1.803
dpa-dp-0.85,1,52,0.4225,1.905
dpa-dp-0.85,1,53,0.413,1.8503
dpa-dp-0.85,1,54,0.4055,1.8772
dpa-dp-0.85,1,55,0.434,1.7788
dpa-dp-0.85,1,56,0.462,1.6894
dpa-dp-0.85,1,57,0.4625,1.7848
dpa-dp-0.85,1,58,0.447,1.8014
dpa-dp-0.85,1,59,0.3845,2.0155
dpa-dp-0.85,1,60,0.416,1.9191
dpa-dp-0.85,1,61,0.4065,1.944
dpa-dp-0.85,1,62,0.431,1.8985
dpa-dp-0.85,1,63,0.3995,1.9584
dpa-dp-0.85,1,64,0.3855,2.0884
dpa-dp-0.85,1,65,0.3975,2.0095
dpa-dp-0.85,1,66,0.3955,2.0656
dpa-dp-0.85,1,67,0.3705,2.1336
dpa-dp-0.85,1,68,0.4425,1.7265
dpa-dp-0.85,1,69,0.42,1.8579
dpa-dp-0.85,1,70,0.41,1.9185
dpa-dp-0.85,1,71,0.3885,2.0212
dpa-dp-0.85,1,72,0.4,2.0891
dpa-dp-0.85,1,73,0.4585,1.7471
dpa-dp-0.85,1,74,0.356,2.2214
dpa-dp-0.85,1,75,0.4325,1.9407
dpa-dp-0.85,1,76,0.416,1.918
dpa-dp-0.85,1,77,0.3955,2.0289
dpa-dp-0.85,1,78,0.3335,2.3967
dpa-dp-0.85,1,79,0.4385,1.9136
dpa-dp-0.85,1,80,0.452,1.8085
dpa-dp-0.85,1,81,0.4305,1.935
dpa-dp-0.85,1,82,0.435,1.9248
dpa-dp-0.85,1,83,0.383,2.0988
dpa-dp-0.85,1,84,0.4105,2.0154
dpa-dp-0.85,1,85,0.384,2.1
dpa-dp-0.85,1,86,0.4185,2.0197
dpa-dp-0.85,1,87,0.3845,2.1271
dpa-dp-0.85,1,88,0.4055,2.0471
dpa-dp-0.85,1,89,0.4605,1.8145
dpa-dp-0.85,1,90,0.4385,1.8443
dpa-dp-0.85,1,91,0.3885,2.0643
dpa-dp-0.85,1,92,0.464,1.7914
dpa-dp-0.85,1,93,0.393,2.1686
dpa-dp-0.85,1,94,0.463,1.8119
dpa-dp-0.85,1,95,0.4115,1.9925
dpa-dp-0.85,1,96,0.3665,2.2681
dpa-dp-0.85,1,97,0.367,2.2633
dpa-dp-0.85,1,98,0.4165,1.9913
dpa-dp-0.85,1,99,0.449,1.8598
dpa-dp-0.85,1,100,0.429,1.9558
dpa-dp-0.85,1,101,0.4425,1.9621
dpa-dp-0.85,1,102,0.446,1.9404
dpa-dp-0.85,1,103,0.4435,1.9844
dpa-dp-0.85,1,104,0.412,2.1527
dpa-dp-0.85,1,105,0.4335,2.0433
dpa-dp-0.85,1,106,0.431,2.0115
dpa-dp-0.85,1,107,0.4095,2.1833
dpa-dp-0.85,1,108,0.4885,1.817
dpa-dp-0.85,1,109,0.3925,2.2923
dpa-dp-0.85,1,110,0.4225,2.0494
dpa-dp-0.85,1,111,0.4425,1.9929
dpa-dp-0.85,1,112,0.4125,2.0529
dpa-dp-0.85,1,113,0.4205,2.1778
dpa-dp-0.85,1,114,0.4255,2.0225
dpa-dp-0.85,1,115,0.454,1.9135
dpa-dp-0.85,1,116,0.437,2.0273
dpa-dp-0.85,1,117,0.4205,2.1481
dpa-dp-0.85,1,118,0.4185,2.2133
dpa-dp-0.85,1,119,0.474,1.8077
dpa-dp-0.85,1,120,0.4455,2.0467
dpa-dp-0.85,1,121,0.408,2.2491
dpa-dp-0.85,1,122,0.4295,2.1169
dpa-dp-0.85,1,123,0.409,2.2989
dpa-dp-0.85,1,124,0.478,1.8861
dpa-dp-0.85,1,125,0.4305,2.2142
dpa-dp-0.85,1,126,0.4325,2.0874
dpa-dp-0.85,1,127,0.4705,1.9242
dpa-dp-0.85,1,128,0.418,2.1904
dpa-dp-0.85,1,129,0.4425,2.2022
dpa-dp-0.85,1,130,0.4305,2.2578
dpa-dp-0.85,1,131,0.432,2.1441
dpa-dp-0.85,1,132,0.417,2.2657
dpa-dp-0.85,1,133,0.4755,2.0038
dpa-dp-0.85,1,134,0.479,1.9484
dpa-dp-0.85,1,135,0.504,1.8213
dpa-dp-0.85,1,136,0.4945,1.8281
dpa-dp-0.85,1,137,0.4795,1.8735
dpa-dp-0.85,1,138,0.4375,2.0949
dpa-dp-0.85,1,139,0.4455,2.1268
dpa-dp-0.85,1,140,0.431,2.1902
dpa-dp-0.85,1,141,0.45,2.0888
dpa-dp-0.85,1,142,0.4535,2.0535
dpa-dp-0.85,1,143,0.478,1.9255
dpa-dp-0.85,1,144,0.454,2.088
dpa-dp-0.85,1,145,0.48,1.9288
dpa-dp-0.85,1,146,0.4775,1.91
dpa-dp-0.85,1,147,0.4795,1.9718
dpa-dp-0.85,1,148,0.446,2.1898
dpa-dp-0.85,1,149,0.43,2.3422
dpa-dp-0.85,1,150,0.4655,2.1275
dpa-dp-0.85,1,151,0.481,2.0191
dpa-dp-0.85,1,152,0.4765,2.029
dpa-dp-0.85,1,153,0.477,2.0023
dpa-dp-0.85,1,154,0.516,1.8511
dpa-dp-0.85,1,155,0.46,2.1474
dpa-dp-0.85,1,156,0.4285,2.3005
dpa-dp-0.85,1,157,0.4755,2.0095
dpa-dp-0.85,1,158,0.466,2.1054
dpa-dp-0.85,1,159,0.398,2.5091
dpa-dp-0.85,1,160,0.4545,2.1252
dpa-dp-0.85,1,161,0.441,2.2366
dpa-dp-0.85,1,162,0.48,2.0762
dpa-dp-0.85,1,163,0.423,2.4303
dpa-dp-0.85,1,164,0.4695,2.1089
dpa-dp-0.85,1,165,0.4615,2.1829
dpa-dp-0.85,1,166,0.488,2.0164
dpa-dp-0.85,1,167,0.4645,2.1204
dpa-dp-0.85,1,168,0.41,2.4282
dpa-dp-0.85,1,169,0.4695,2.0308
dpa-dp-0.85,1,170,0.449,2.2405
dpa-dp-0.85,1,171,0.477,2.0217
dpa-dp-0.85,1,172,0.4625,2.1758
dpa-dp-0.85,1,173,0.425,2.3315
dpa-dp-0.85,1,174,0.4385,2.2596
dpa-dp-0.85,1,175,0.4655,2.0926
dpa-dp-0.85,1,176,0.4525,2.1536
dpa-dp-0.85,1,177,0.437,2.216
dpa-dp-0.85,1,178,0.468,2.1309
dpa-dp-0.85,1,179,0.473,2.1049
dpa-dp-0.85,1,180,0.4475,2.1889
dpa-dp-0.85,1,181,0.5165,1.8703
dpa-dp-0.85,1,182,0.476,2.1094
dpa-dp-0.85,1,183,0.4795,2.054
dpa-dp-0.85,1,184,0.462,2.179
dpa-dp-0.85,1,185,0.467,2.0856
dpa-dp-0.85,1,186,0.4915,2.0037
dpa-dp-0.85,1,187,0.4715,2.1128
dpa-dp-0.85,1,188,0.4665,2.1188
dpa-dp-0.85,1,189,0.4735,2.1612
dpa-dp-0.85,1,190,0.502,1.9739
dpa-dp-0.85,1,191,0.49,2.0354
dpa-dp-0.85,1,192,0.478,2.0997
dpa-dp-0.85,1,193,0.506,1.982
dpa-dp-0.85,1,194,0.4955,2.0523
dpa-dp-0.85,1,195,0.51,1.9789
dpa-dp-0.85,1,196,0.5075,1.9079
dpa-dp-0.85,1,197,0.5355,1.7179
dpa-dp-0.85,1,198,0.499,1.9666
dpa-dp-0.85,1,199,0.5015,1.9458
dpa-dp-0.85,1,200,0.501,1.8936
dpa-dp-0.85,2,0,0.047,2.404
dpa-dp-0.85,2,1,0.4305,2.1331
dpa-dp-0.85,2,2,0.533,1.946
dpa-dp-0.85,2,3,0.4275,1.9744
dpa-dp-0.85,2,4,0.426,1.8825
dpa-dp-0.85,2,5,0.464,1.8048
dpa-dp-0.85,2,6,0.452,1.8044
dpa-dp-0.85,2,7,0.3285,1.887
dpa-dp-0.85,2,8,0.419,1.7842
dpa-dp-0.85,2,9,0.4505,1.7594
dpa-dp-0.85,2,10,0.3875,1.894
dpa-dp-0.85,2,11,0.365,1.8813
dpa-dp-0.85,2,12,0.4515,1.7528
dpa-dp-0.85,2,13,0.3585,1.909
dpa-dp-0.85,2,14,0.4505,1.6914
dpa-dp-0.85,2,15,0.406,1.8346
dpa-dp-0.85,2,16,0.469,1.6107
dpa-dp-0.85,2,17,0.3745,1.8574
dpa-dp-0.85,2,18,0.4015,1.7226
dpa-dp-0.85,2,19,0.3645,1.8904
dpa-dp-0.85,2,20,0.439,1.6453
dpa-dp-0.85,2,21,0.356,1.9731
dpa-dp-0.85,2,22,0.4435,1.6807
dpa-dp-0.85,2,23,0.3875,1.8499
dpa-dp-0.85,2,24,0.4025,1.8554
dpa-dp-0.85,2,25,0.3935,1.8709
dpa-dp-0.85,2,26,0.422,1.7577
dpa-dp-0.85,2,27,0.4555,1.6563
dpa-dp-0.85,2,28,0.3935,1.9188
dpa-dp-0.85,2,29,0.3925,1.8657
dpa-dp-0.85,2,30,0.423,1.7604
dpa-dp-0.85,2,31,0.352,2.0347
dpa-dp-0.85,2,32,0.386,1.9134
dpa-dp-0.85,2,33,0.4035,1.8285
dpa-dp-0.85,2,34,0.3785,1.9455
dpa-dp-0.85,2,35,0.438,1.7212
dpa-dp-0.85,2,36,0.4185,1.8249
dpa-dp-0.85,2,37,0.3425,2.0046
dpa-dp-0.85,2,38,0.387,1.807
dpa-dp-0.85,2,39,0.402,1.8714
dpa-dp-0.85,2,40,0.399,1.8986
dpa-dp-0.85,2,41,0.3905,1.8956
dpa-dp-0.85,2,42,0.398,1.8665
dpa-dp-0.85,2,43,0.37,1.9591
dpa-dp-0.85,2,44,0.411,1.8499
dpa-dp-0.85,2,45,0.429,1.8112
dpa-dp-0.85,2,46,0.364,2.0374
dpa-dp-0.85,2,47,0.369,2.0201
dpa-dp-0.85,2,48,0.4095,1.9229
dpa-dp-0.85,2,49,0.45,1.6994
dpa-dp-0.85,2,50,0.4135,1.8979
dpa-dp-0.85,2,51,0.408,1.9203
dpa-dp-0.85,2,52,0.4,2.0464
dpa-dp-0.85,2,53,0.448,1.7618
dpa-dp-0.85,2,54,0.4115,1.9351
dpa-dp-0.85,2,55,0.426,1.8171
dpa-dp-0.85,2,56,0.392,1.9739
dpa-dp-0.85,2,57,0.4095,1.9597
dpa-dp-0.85,2,58,0.4035,1.9696
dpa-dp-0.85,2,59,0.4245,1.8544
dpa-dp-0.85,2,60,0.341,2.2575
dpa-dp-0.85,2,61,0.4075,1.9904
dpa-dp-0.85,2,62,0.4545,1.7612
dpa-dp-0.85,2,63,0.3755,2.1514
dpa-dp-0.85,2,64,0.41,2.0044
dpa-dp-0.85,2,65,0.4245,1.8743
dpa-dp-0.85,2,66,0.425,1.8857
dpa-dp-0.85,2,67,0.3835,2.0806
dpa-dp-0.85,2,68,0.4245,1.8727
dpa-dp-0.85,2,69,0.4035,1.9444
dpa-dp-0.85,2,70,0.3945,1.9608
dpa-dp-0.85,2,71,0.415,1.9853
dpa-dp-0.85,2,72,0.3755,2.1782
dpa-dp-0.85,2,73,0.4295,1.9881
dpa-dp-0.85,2,74,0.3855,2.0632
dpa-dp-0.85,2,75,0.3815,2.1649
dpa-dp-0.85,2,76,0.3925,2.0945
dpa-dp-0.85,2,77,0.4045,2.0366
dpa-dp-0.85,2,78,0.4085,2.0284
dpa-dp-0.85,2,79,0.406,2.106
dpa-dp-0.85,2,80,0.3855,2.1375
dpa-dp-0.85,2,81,0.3675,2.2374
dpa-dp-0.85,2,82,0.435,1.8841
dpa-dp-0.85,2,83,0.4075,2.0954
dpa-dp-0.85,2,84,0.4465,1.8654
dpa-dp-0.85,2,85,0.389,2.1731
dpa-dp-0.85,2,86,0.3945,2.1297
dpa-dp-0.85,2,87,0.45,1.7812
dpa-dp-0.85,2,88,0.4125,2.0498
dpa-dp-0.85,2,89,0.434,1.9669
dpa-dp-0.85,2,90,0.372,2.3256
dpa-dp-0.85,2,91,0.4435,1.8791
dpa-dp-0.85,2,92,0.437,1.9692
dpa-dp-0.85,2,93,0.4415,1.9191
dpa-dp-0.85,2,94,0.4255,2.0289
dpa-dp-0.85,2,95,0.419,2.0079
dpa-dp-0.85,2,96,0.43,1.9741
dpa-dp-0.85,2,97,0.3675,2.3515
dpa-dp-0.85,2,98,0.4275,1.9846
dpa-dp-0.85,2,99,0.4255,2.095
dpa-dp-0.85,2,100,0.4385,1.9954
dpa-dp-0.85,2,101,0.422,2.0784
dpa-dp-0.85,2,102,0.442,2.0357
dpa-dp-0.85,2,103,0.433,2.0856
dpa-dp-0.85,2,104,0.4015,2.2463
dpa-dp-0.85,2,105,0.456,1.9691
dpa-dp-0.85,2,106,0.4545,2.0325
dpa-dp-0.85,2,107,0.433,2.1483
dpa-dp-0.85,2,108,0.466,1.9282
dpa-dp-0.85,2,109,0.4575,1.9854
dpa-dp-0.85,2,110,0.4085,2.2943
dpa-dp-0.85,2,111,0.473,1.8848
dpa-dp-0.85,2,112,0.444,2.0107
dpa-dp-0.85,2,113,0.4525,2.0277
dpa-dp-0.85,2,114,0.4545,1.9711
dpa-dp-0.85,2,115,0.4455,2.0232
dpa-dp-0.85,2,116,0.451,2.1293
dpa-dp-0.85,2,117,0.473,1.8678
dpa-dp-0.85,2,118,0.4595,1.9541
dpa-dp-0.85,2,119,0.418,2.2483
dpa-dp-0.85,2,120,0.51,1.8188
dpa-dp-0.85,2,121,0.476,2.0012
dpa-dp-0.85,2,122,0.445,2.0884
dpa-dp-0.85,2,123,0.424,2.2915
dpa-dp-0.85,2,124,0.429,2.1888
dpa-dp-0.85,2,125,0.4615,2.088
dpa-dp-0.85,2,126,0.4165,2.3206
dpa-dp-0.85,2,127,0.458,2.0178
dpa-dp-0.85,2,128,0.4765,1.9884
dpa-dp-0.85,2,129,0.4915,1.9199
dpa-dp-0.85,2,130,0.4735,2.0322
dpa-dp-0.85,2,131,0.4295,2.2493
dpa-dp-0.85,2,132,0.4765,1.9997
dpa-dp-0.85,2,133,0.464,2.0412
dpa-dp-0.85,2,134,0.406,2.3537
dpa-dp-0.85,2,135,0.437,2.1356
dpa-dp-0.85,2,136,0.4715,2.0177
dpa-dp-0.85,2,137,0.4445,2.0963
dpa-dp-0.85,2,138,0.4355,2.1939
dpa-dp-0.85,2,139,0.427,2.2209
dpa-dp-0.85,2,140,0.461,2.0339
dpa-dp-0.85,2,141,0.4185,2.2146
dpa-dp-0.85,2,142,0.4385,2.0911
dpa-dp-0.85,2,143,0.394,2.3881
dpa-dp-0.85,2,144,0.4615,2.007
dpa-dp-0.85,2,145,0.4195,2.2713
dpa-dp-0.85,2,146,0.432,2.2383
dpa-dp-0.85,2,147,0.4395,2.1785
dpa-dp-0.85,2,148,0.4295,2.2578
dpa-dp-0.85,2,149,0.463,2.084
dpa-dp-0.85,2,150,0.459,2.1
dpa-dp-0.85,2,151,0.409,2.5206
dpa-dp-0.85,2,152,0.404,2.4364
dpa-dp-0.85,2,153,0.401,2.4234
dpa-dp-0.85,2,154,0.4,2.392
dpa-dp-0.85,2,155,0.433,2.1513
dpa-dp-0.85,2,156,0.3975,2.3848
dpa-dp-0.85,2,157,0.4535,2.1469
dpa-dp-0.85,2,158,0.4635,2.0504
dpa-dp-0.85,2,159,0.4495,2.2932
dpa-dp-0.85,2,160,0.446,2.3064
dpa-dp-0.85,2,161,0.4485,2.2205
dpa-dp-0.85,2,162,0.4315,2.3659
dpa-dp-0.85,2,163,0.442,2.2614
dpa-dp-0.85,2,164,0.4505,2.2181
dpa-dp-0.85,2,165,0.4535,2.1976
dpa-dp-0.85,2,166,0.439,2.2003
dpa-dp-0.85,2,167,0.508,1.8898
dpa-dp-0.85,2,168,0.465,2.1525
dpa-dp-0.85,2,169,0.4665,2.1821
dpa-dp-0.85,2,170,0.45,2.2463
dpa-dp-0.85,2,171,0.4745,2.1437
dpa-dp-0.85,2,172,0.4605,2.1896
dpa-dp-0.85,2,173,0.4285,2.3268
dpa-dp-0.85,2,174,0.4365,2.2374
dpa-dp-0.85,2,175,0.4515,2.2057
dpa-dp-0.85,2,176,0.4435,2.2771
dpa-dp-0.85,2,177,0.4465,2.2848
dpa-dp-0.85,2,178,0.475,2.1645
dpa-dp-0.85,2,179,0.433,2.3526
dpa-dp-0.85,2,180,0.508,1.9781
dpa-dp-0.85,2,181,0.4565,2.1889
dpa-dp-0.85,2,182,0.485,2.0491
dpa-dp-0.85,2,183,0.491,2.0654
dpa-dp-0.85,2,184,0.5,1.9441
dpa-dp-0.85,2,185,0.48,2.0371
dpa-dp-0.85,2,186,0.4625,2.1287
dpa-dp-0.85,2,187,0.4535,2.1762
dpa-dp-0.85,2,188,0.448,2.2038
dpa-dp-0.85,2,189,0.4625,2.2143
dpa-dp-0.85,2,190,0.458,2.1659
dpa-dp-0.85,2,191,0.4865,2.0511
dpa-dp-0.85,2,192,0.4485,2.1856
dpa-dp-0.85,2,193,0.457,2.108
dpa-dp-0.85,2,194,0.4625,2.1106
dpa-dp-0.85,2,195,0.4725,2.0546
dpa-dp-0.85,2,196,0.4375,2.2993
dpa-dp-0.85,2,197,0.4665,2.1456
dpa-dp-0.85,2,198,0.487,2.0805
dpa-dp-0.85,2,199,0.4625,2.1568
dpa-dp-0.85,2,200,0.518,1.9308
dpa-dp-0.75,0,0,0.047,2.404
dpa-dp-0.75,0,1,0.4595,2.0585
dpa-dp-0.75,0,2,0.472,2.0165
dpa-dp-0.75,0,3,0.3585,1.9897
dpa-dp-0.75,0,4,0.4695,1.8248
dpa-dp-0.75,0,5,0.45,1.8197
dpa-dp-0.75,0,6,0.451,1.8822
dpa-dp-0.75,0,7,0.426,1.9095
dpa-dp-0.75,0,8,0.388,2.0471
dpa-dp-0.75,0,9,0.4415,1.7756
dpa-dp-0.75,0,10,0.3995,1.8784
dpa-dp-0.75,0,11,0.413,1.8794
dpa-dp-0.75,0,12,0.317,1.9889
dpa-dp-0.75,0,13,0.368,1.907
dpa-dp-0.75,0,14,0.4575,1.7604
dpa-dp-0.75,0,15,0.3855,1.8838
dpa-dp-0.75,0,16,0.431,1.9196
dpa-dp-0.75,0,17,0.377,1.9667
dpa-dp-0.75,0,18,0.4095,1.791
dpa-dp-0.75,0,19,0.399,1.9006
dpa-dp-0.75,0,20,0.3745,1.8827
dpa-dp-0.75,0,21,0.3465,2.0258
dpa-dp-0.75,0,22,0.3725,1.932
dpa-dp-0.75,0,23,0.436,1.662
dpa-dp-0.75,0,24,0.404,1.7984
dpa-dp-0.75,0,25,0.4285,1.7304
dpa-dp-0.75,0,26,0.4125,1.8316
dpa-dp-0.75,0,27,0.3705,1.9365
dpa-dp-0.75,0,28,0.3935,1.908
dpa-dp-0.75,0,29,0.4175,1.7753
dpa-dp-0.75,0,30,0.4,1.8342
dpa-dp-0.75,0,31,0.401,1.9549
dpa-dp-0.75,0,32,0.4015,1.9507
dpa-dp-0.75,0,33,0.4245,1.7733
dpa-dp-0.75,0,34,0.372,2.0637
dpa-dp-0.75,0,35,0.342,2.1004
dpa-dp-0.75,0,36,0.3715,2.1028
dpa-dp-0.75,0,37,0.422,1.8689
dpa-dp-0.75,0,38,0.372,2.0875
dpa-dp-0.75,0,39,0.3905,2.0473
dpa-dp-0.75,0,40,0.446,1.765
dpa-dp-0.75,0,41,0.4385,1.8446
dpa-dp-0.75,0,42,0.3505,2.0719
dpa-dp-0.75,0,43,0.4085,1.9316
dpa-dp-0.75,0,44,0.4455,1.7796
dpa-dp-0.75,0,45,0.417,1.8608
dpa-dp-0.75,0,46,0.381,2.0329
dpa-dp-0.75,0,47,0.361,2.065
dpa-dp-0.75,0,48,0.3845,1.9423
dpa-dp-0.75,0,49,0.3635,2.0628
dpa-dp-0.75,0,50,0.413,1.8956
dpa-dp-0.75,0,51,0.322,2.1906
dpa-dp-0.75,0,52,0.3795,2.0791
dpa-dp-0.75,0,53,0.38,1.962
dpa-dp-0.75,0,54,0.394,1.9374
dpa-dp-0.75,0,55,0.378,1.9797
dpa-dp-0.75,0,56,0.3135,2.3554
dpa-dp-0.75,0,57,0.321,2.3054
dpa-dp-0.75,0,58,0.4675,1.6243
dpa-dp-0.75,0,59,0.4165,1.8765
dpa-dp-0.75,0,60,0.4265,1.8186
dpa-dp-0.75,0,61,0.4195,1.8515
dpa-dp-0.75,0,62,0.386,2.0341
dpa-dp-0.75,0,63,0.4425,1.8003
dpa-dp-0.75,0,64,0.454,1.7014
dpa-dp-0.75,0,65,0.428,1.946
dpa-dp-0.75,0,66,0.4165,1.9386
dpa-dp-0.75,0,67,0.41,1.9392
dpa-dp-0.75,0,68,0.4375,1.7956
dpa-dp-0.75,0,69,0.397,1.9777
dpa-dp-0.75,0,70,0.3245,2.4427
dpa-dp-0.75,0,71,0.339,2.3761
dpa-dp-0.75,0,72,0.457,1.7565
dpa-dp-0.75,0,73,0.4325,1.9093
dpa-dp-0.75,0,74,0.461,1.7563
dpa-dp-0.75,0,75,0.474,1.7132
dpa-dp-0.75,0,76,0.394,2.0388
dpa-dp-0.75,0,77,0.4175,2.067
dpa-dp-0.75,0,78,0.478,1.6872
dpa-dp-0.75,0,79,0.4655,1.7733
dpa-dp-0.75,0,80,0.4255,2.0022
dpa-dp-0.75,0,81,0.4095,2.1169
dpa-dp-0.75,0,82,0.421,2.0455
dpa-dp-0.75,0,83,0.4195,2.1773
dpa-dp-0.75,0,84,0.3885,2.2746
dpa-dp-0.75,0,85,0.3995,2.2465
dpa-dp-0.75,0,86,0.387,2.3535
dpa-dp-0.75,0,87,0.392,2.2416
dpa-dp-0.75,0,88,0.445,1.988
dpa-dp-0.75,0,89,0.4055,2.1092
dpa-dp-0.75,0,90,0.3455,2.3889
dpa-dp-0.75,0,91,0.4075,2.0379
dpa-dp-0.75,0,92,0.4325,2.0601
dpa-dp-0.75,0,93,0.4235,2.131
dpa-dp-0.75,0,94,0.425,2.0633
dpa-dp-0.75,0,95,0.4145,2.1132
dpa-dp-0.75,0,96,0.4345,2.0717
dpa-dp-0.75,0,97,0.444,2.0062
dpa-dp-0.75,0,98,0.409,2.0892
dpa-dp-0.75,0,99,0.414,2.1249
dpa-dp-0.75,0,100,0.5155,1.6979
dpa-dp-0.75,0,101,0.509,1.7089
dpa-dp-0.75,0,102,0.4635,1.9224
dpa-dp-0.75,0,103,0.4335,2.0645
dpa-dp-0.75,0,104,0.4285,2.1499
dpa-dp-0.75,0,105,0.429,2.1036
dpa-dp-0.75,0,106,0.431,2.0707
dpa-dp-0.75,0,107,0.435,2.1345
dpa-dp-0.75,0,108,0.461,1.9709
dpa-dp-0.75,0,109,0.434,2.1381
dpa-dp-0.75,0,110,0.4205,2.1492
dpa-dp-0.75,0,111,0.484,1.8417
dpa-dp-0.75,0,112,0.43,2.1052
dpa-dp-0.75,0,113,0.4885,1.8077
dpa-dp-0.75,0,114,0.509,1.7122
dpa-dp-0.75,0,115,0.428,2.0635
dpa-dp-0.75,0,116,0.4625,1.9712
dpa-dp-0.75,0,117,0.41,2.2556
dpa-dp-0.75,0,118,0.417,2.0961
dpa-dp-0.75,0,119,0.444,2.0984
dpa-dp-0.75,0,120,0.453,1.865
dpa-dp-0.75,0,121,0.5045,1.6738
dpa-dp-0.75,0,122,0.4775,1.8347
dpa-dp-0.75,0,123,0.46,1.8734
dpa-dp-0.75,0,124,0.426,2.0666
dpa-dp-0.75,0,125,0.4525,1.9174
dpa-dp-0.75,0,126,0.417,2.1034
dpa-dp-0.75,0,127,0.4185,2.0946
dpa-dp-0.75,0,128,0.44,2.097
dpa-dp-0.75,0,129,0.456,1.8939
dpa-dp-0.75,0,130,0.435,2.0409
dpa-dp-0.75,0,131,0.5035,1.748
dpa-dp-0.75,0,132,0.455,2.0448
dpa-dp-0.75,0,133,0.4705,1.9264
dpa-dp-0.75,0,134,0.466,1.9561
dpa-dp-0.75,0,135,0.3985,2.1948
dpa-dp-0.75,0,136,0.4685,1.8425
dpa-dp-0.75,0,137,0.4835,1.8986
dpa-dp-0.75,0,138,0.4975,1.7537
dpa-dp-0.75,0,139,0.4905,1.7802
dpa-dp-0.75,0,140,0.478,1.8645
dpa-dp-0.75,0,141,0.4425,2.0621
dpa-dp-0.75,0,142,0.4685,2.0062
dpa-dp-0.75,0,143,0.4435,2.0614
dpa-dp-0.75,0,144,0.417,2.1583
dpa-dp-0.75,0,145,0.3835,2.3145
dpa-dp-0.75,0,146,0.401,2.2697
dpa-dp-0.75,0,147,0.4265,2.1533
dpa-dp-0.75,0,148,0.4305,2.0529
dpa-dp-0.75,0,149,0.4265,2.1341
dpa-dp-0.75,0,150,0.418,2.2644
dpa-dp-0.75,0,151,0.4335,2.1431
dpa-dp-0.75,0,152,0.448,2.1327
dpa-dp-0.75,0,153,0.4935,1.8946
dpa-dp-0.75,0,154,0.4375,2.1479
dpa-dp-0.75,0,155,0.477,1.9862
dpa-dp-0.75,0,156,0.447,2.0787
dpa-dp-0.75,0,157,0.454,2.047
dpa-dp-0.75,0,158,0.417,2.3208
dpa-dp-0.75,0,159,0.433,2.2381
dpa-dp-0.75,0,160,0.434,2.2891
dpa-dp-0.75,0,161,0.458,2.101
dpa-dp-0.75,0,162,0.48,2.0136
dpa-dp-0.75,0,163,0.4485,2.1511
dpa-dp-0.75,0,164,0.469,2.1193
dpa-dp-0.75,0,165,0.4705,2.0853
dpa-dp-0.75,0,166,0.4595,2.1225
dpa-dp-0.75,0,167,0.4525,2.1928
dpa-dp-0.75,0,168,0.4685,2.1399
dpa-dp-0.75,0,169,0.478,2.0947
dpa-dp-0.75,0,170,0.4575,2.217
dpa-dp-0.75,0,171,0.484,1.9761
dpa-dp-0.75,0,172,0.4655,2.1205
dpa-dp-0.75,0,173,0.4795,2.0196
dpa-dp-0.75,0,174,0.4865,1.954
dpa-dp-0.75,0,175,0.431,2.2609
dpa-dp-0.75,0,176,0.44,2.2307
dpa-dp-0.75,0,177,0.4665,2.0997
dpa-dp-0.75,0,178,0.437,2.162
dpa-dp-0.75,0,179,0.453,2.1248
dpa-dp-0.75,0,180,0.471,2.0965
dpa-dp-0.75,0,181,0.4855,1.9163
dpa-dp-0.75,0,182,0.4575,2.1072
dpa-dp-0.75,0,183,0.4615,2.0564
dpa-dp-0.75,0,184,0.4625,2.0241
dpa-dp-0.75,0,185,0.454,2.1141
dpa-dp-0.75,0,186,0.4625,1.9798
dpa-dp-0.75,0,187,0.4935,1.9091
dpa-dp-0.75,0,188,0.4615,2.0871
dpa-dp-0.75,0,189,0.5135,1.838
dpa-dp-0.75,0,190,0.478,2.0049
dpa-dp-0.75,0,191,0.469,2.0399
dpa-dp-0.75,0,192,0.5085,1.9081
dpa-dp-0.75,0,193,0.483,1.9412
dpa-dp-0.75,0,194,0.4585,2.0256
dpa-dp-0.75,0,195,0.4765,1.9428
dpa-dp-0.75,0,196,0.483,1.9731
dpa-dp-0.75,0,197,0.47,2.0115
dpa-dp-0.75,0,198,0.4755,1.9629
dpa-dp-0.75,0,199,0.48,1.9024
dpa-dp-0.75,0,200,0.493,1.8725
dpa-dp-0.75,1,0,0.047,2.404
dpa-dp-0.75,1,1,0.543,1.9583
dpa-dp-0.75,1,2,0.6095,1.7762
dpa-dp-0.75,1,3,0.5555,1.7535
dpa-dp-0.75,1,4,0.446,1.8493
dpa-dp-0.75,1,5,0.4315,1.8346
dpa-dp-0.75,1,6,0.308,1.9956
dpa-dp-0.75,1,7,0.3925,1.8697
dpa-dp-0.75,1,8,0.3275,1.9759
dpa-dp-0.75,1,9,0.4135,1.8207
dpa-dp-0.75,1,10,0.356,1.9093
dpa-dp-0.75,1,11,0.372,1.8807
dpa-dp-0.75,1,12,0.4115,1.7436
dpa-dp-0.75,1,13,0.4105,1.758
dpa-dp-0.75,1,14,0.475,1.5889
dpa-dp-0.75,1,15,0.411,1.7554
dpa-dp-0.75,1,16,0.4165,1.7695
dpa-dp-0.75,1,17,0.4275,1.7235
dpa-dp-0.75,1,18,0.4165,1.7436
dpa-dp-0.75,1,19,0.4275,1.7274
dpa-dp-0.75,1,20,0.4655,1.6125
dpa-dp-0.75,1,21,0.4435,1.6417
dpa-dp-0.75,1,22,0.401,1.8395
dpa-dp-0.75,1,23,0.4425,1.6844
dpa-dp-0.75,1,24,0.4505,1.6234
dpa-dp-0.75,1,25,0.3595,1.9597
dpa-dp-0.75,1,26,0.4305,1.828
dpa-dp-0.75,1,27,0.389,1.809
dpa-dp-0.75,1,28,0.3245,1.9909
dpa-dp-0.75,1,29,0.459,1.5859
dpa-dp-0.75,1,30,0.429,1.7471
dpa-dp-0.75,1,31,0.459,1.6123
dpa-dp-0.75,1,32,0.4225,1.7927
dpa-dp-0.75,1,33,0.446,1.6639
dpa-dp-0.75,1,34,0.4625,1.6365
dpa-dp-0.75,1,35,0.44,1.6465
dpa-dp-0.75,1,36,0.4125,1.7734
dpa-dp-0.75,1,37,0.4025,1.853
dpa-dp-0.75,1,38,0.455,1.6691
dpa-dp-0.75,1,39,0.43,1.837
dpa-dp-0.75,1,40,0.469,1.6493
dpa-dp-0.75,1,41,0.411,1.8595
dpa-dp-0.75,1,42,0.4585,1.7292
dpa-dp-0.75,1,43,0.4665,1.6329
dpa-dp-0.75,1,44,0.411,1.8909
dpa-dp-0.75,1,45,0.428,1.7822
dpa-dp-0.75,1,46,0.4735,1.674
dpa-dp-0.75,1,47,0.4665,1.6542
dpa-dp-0.75,1,48,0.427,1.7951
dpa-dp-0.75,1,49,0.4325,1.8152
dpa-dp-0.75,1,50,0.4145,1.863
dpa-dp-0.75,1,51,0.413,1.8198
dpa-dp-0.75,1,52,0.4165,1.9358
dpa-dp-0.75,1,53,0.3985,1.8822
dpa-dp-0.75,1,54,0.3995,1.9051
dpa-dp-0.75,1,55,0.427,1.8173
dpa-dp-0.75,1,56,0.4665,1.677
dpa-dp-0.75,1,57,0.4545,1.8231
dpa-dp-0.75,1,58,0.4425,1.8318
dpa-dp-0.75,1,59,0.373,2.0772
dpa-dp-0.75,1,60,0.4065,1.98
dpa-dp-0.75,1,61,0.399,2.0021
dpa-dp-0.75,1,62,0.424,1.9344
dpa-dp-0.75,1,63,0.3875,2.0006
dpa-dp-0.75,1,64,0.374,2.1161
dpa-dp-0.75,1,65,0.3825,2.0567
dpa-dp-0.75,1,66,0.3755,2.1198
dpa-dp-0.75,1,67,0.363,2.1841
dpa-dp-0.75,1,68,0.441,1.7373
dpa-dp-0.75,1,69,0.4135,1.8974
dpa-dp-0.75,1,70,0.395,1.994
dpa-dp-0.75,1,71,0.3715,2.0841
dpa-dp-0.75,1,72,0.378,2.2043
dpa-dp-0.75,1,73,0.449,1.7669
dpa-dp-0.75,1,74,0.342,2.3102
dpa-dp-0.75,1,75,0.4295,1.9701
dpa-dp-0.75,1,76,0.404,1.9582
dpa-dp-0.75,1,77,0.378,2.0992
dpa-dp-0.75,1,78,0.3225,2.4443
dpa-dp-0.75,1,79,0.44,1.9325
dpa-dp-0.75,1,80,0.449,1.8362
dpa-dp-0.75,1,81,0.4115,1.9845
dpa-dp-0.75,1,82,0.426,1.9743
dpa-dp-0.75,1,83,0.3685,2.1815
dpa-dp-0.75,1,84,0.388,2.089
dpa-dp-0.75,1,85,0.3715,2.1687
dpa-dp-0.75,1,86,0.4095,2.0493
dpa-dp-0.75,1,87,0.3835,2.1338
dpa-dp-0.75,1,88,0.404,2.0522
dpa-dp-0.75,1,89,0.4565,1.8274
dpa-dp-0.75,1,90,0.4195,1.9039
dpa-dp-0.75,1,91,0.379,2.1136
dpa-dp-0.75,1,92,0.4625,1.8342
dpa-dp-0.75,1,93,0.375,2.2666
dpa-dp-0.75,1,94,0.4625,1.8491
dpa-dp-0.75,1,95,0.4025,2.0247
dpa-dp-0.75,1,96,0.354,2.3123
dpa-dp-0.75,1,97,0.3545,2.3095
dpa-dp-0.75,1,98,0.4145,1.993
dpa-dp-0.75,1,99,0.443,1.8661
dpa-dp-0.75,1,100,0.4235,1.9614
dpa-dp-0.75,1,101,0.438,1.9827
dpa-dp-0.75,1,102,0.444,1.9709
dpa-dp-0.75,1,103,0.4365,2.0174
dpa-dp-0.75,1,104,0.4035,2.1818
dpa-dp-0.75,1,105,0.4235,2.0647
dpa-dp-0.75,1,106,0.4295,2.0122
dpa-dp-0.75,1,107,0.404,2.2067
dpa-dp-0.75,1,108,0.481,1.8056
dpa-dp-0.75,1,109,0.3705,2.3873
dpa-dp-0.75,1,110,0.414,2.0727
dpa-dp-0.75,1,111,0.4305,2.0743
dpa-dp-0.75,1,112,0.4165,2.042
dpa-dp-0.75,1,113,0.4055,2.2681
dpa-dp-0.75,1,114,0.4125,2.0636
dpa-dp-0.75,1,115,0.443,1.9527
dpa-dp-0.75,1,116,0.4335,2.0408
dpa-dp-0.75,1,117,0.418,2.1244
dpa-dp-0.75,1,118,0.414,2.2969
dpa-dp-0.75,1,119,0.4725,1.7756
dpa-dp-0.75,1,120,0.42,2.1153
dpa-dp-0.75,1,121,0.3775,2.3361
dpa-dp-0.75,1,122,0.4155,2.1488
dpa-dp-0.75,1,123,0.403,2.3286
dpa-dp-0.75,1,124,0.4625,1.9198
dpa-dp-0.75,1,125,0.418,2.2403
dpa-dp-0.75,1,126,0.4055,2.2117
dpa-dp-0.75,1,127,0.471,1.9436
dpa-dp-0.75,1,128,0.409,2.2682
dpa-dp-0.75,1,129,0.43,2.2482
dpa-dp-0.75,1,130,0.408,2.3635
dpa-dp-0.75,1,131,0.4125,2.2122
dpa-dp-0.75,1,132,0.4105,2.3094
dpa-dp-0.75,1,133,0.472,2.0166
dpa-dp-0.75,1,134,0.467,1.9733
dpa-dp-0.75,1,135,0.484,1.9042
dpa-dp-0.75,1,136,0.482,1.855
dpa-dp-0.75,1,137,0.471,1.9011
dpa-dp-0.75,1,138,0.417,2.1762
dpa-dp-0.75,1,139,0.428,2.1617
dpa-dp-0.75,1,140,0.412,2.2898
dpa-dp-0.75,1,141,0.452,2.0581
dpa-dp-0.75,1,142,0.4385,2.0689
dpa-dp-0.75,1,143,0.482,1.9062
dpa-dp-0.75,1,144,0.4365,2.1616
dpa-dp-0.75,1,145,0.476,1.918
dpa-dp-0.75,1,146,0.472,1.9494
dpa-dp-0.75,1,147,0.4715,1.9857
dpa-dp-0.75,1,148,0.425,2.266
dpa-dp-0.75,1,149,0.4175,2.4261
dpa-dp-0.75,1,150,0.455,2.158
dpa-dp-0.75,1,151,0.4785,2.0486
dpa-dp-0.75,1,152,0.4855,1.964
dpa-dp-0.75,1,153,0.4735,2.014
dpa-dp-0.75,1,154,0.51,1.8587
dpa-dp-0.75,1,155,0.4415,2.2203
dpa-dp-0.75,1,156,0.4235,2.3374
dpa-dp-0.75,1,157,0.463,2.054
dpa-dp-0.75,1,158,0.4665,2.1038
dpa-dp-0.75,1,159,0.395,2.57
dpa-dp-0.75,1,160,0.454,2.1172
dpa-dp-0.75,1,161,0.4235,2.3391
dpa-dp-0.75,1,162,0.4775,2.0507
dpa-dp-0.75,1,163,0.411,2.4361
dpa-dp-0.75,1,164,0.465,2.1074
dpa-dp-0.75,1,165,0.454,2.2247
dpa-dp-0.75,1,166,0.477,2.0467
dpa-dp-0.75,1,167,0.4565,2.1431
dpa-dp-0.75,1,168,0.397,2.5186
dpa-dp-0.75,1,169,0.471,2.0305
dpa-dp-0.75,1,170,0.432,2.3829
dpa-dp-0.75,1,171,0.475,2.0538
dpa-dp-0.75,1,172,0.446,2.3093
dpa-dp-0.75,1,173,0.41,2.3966
dpa-dp-0.75,1,174,0.417,2.378
dpa-dp-0.75,1,175,0.4385,2.1931
dpa-dp-0.75,1,176,0.433,2.2853
dpa-dp-0.75,1,177,0.421,2.3106
dpa-dp-0.75,1,178,0.4485,2.1744
dpa-dp-0.75,1,179,0.455,2.1458
dpa-dp-0.75,1,180,0.4485,2.1439
dpa-dp-0.75,1,181,0.5095,1.8711
dpa-dp-0.75,1,182,0.4865,2.0029
dpa-dp-0.75,1,183,0.4905,1.9825
dpa-dp-0.75,1,184,0.463,2.1176
dpa-dp-0.75,1,185,0.473,2.0404
dpa-dp-0.75,1,186,0.488,1.9594
dpa-dp-0.75,1,187,0.485,2.0179
dpa-dp-0.75,1,188,0.474,2.039
dpa-dp-0.75,1,189,0.4785,2.062
dpa-dp-0.75,1,190,0.498,1.9509
dpa-dp-0.75,1,191,0.496,1.9749
dpa-dp-0.75,1,192,0.4875,2.0485
dpa-dp-0.75,1,193,0.516,1.951
dpa-dp-0.75,1,194,0.506,1.9695
dpa-dp-0.75,1,195,0.5065,1.9593
dpa-dp-0.75,1,196,0.5125,1.8766
dpa-dp-0.75,1,197,0.534,1.7341
dpa-dp-0.75,1,198,0.5025,1.9046
dpa-dp-0.75,1,199,0.5015,1.8968
dpa-dp-0.75,1,200,0.5135,1.8282
dpa-dp-0.75,2,0,0.047,2.404
dpa-dp-0.75,2,1,0.3785,2.1462
dpa-dp-0.75,2,2,0.527,1.9501
dpa-dp-0.75,2,3,0.419,1.985
dpa-dp-0.75,2,4,0.421,1.893
dpa-dp-0.75,2,5,0.46,1.8106
dpa-dp-0.75,2,6,0.451,1.8079
dpa-dp-0.75,2,7,0.318,1.895
dpa-dp-0.75,2,8,0.421,1.778
dpa-dp-0.75,2,9,0.451,1.7559
dpa-dp-0.75,2,10,0.383,1.9283
dpa-dp-0.75,2,11,0.3525,1.9052
dpa-dp-0.75,2,12,0.441,1.7734
dpa-dp-0.75,2,13,0.34,1.9639
dpa-dp-0.75,2,14,0.449,1.6939
dpa-dp-0.75,2,15,0.403,1.8578
dpa-dp-0.75,2,16,0.469,1.6115
dpa-dp-0.75,2,17,0.363,1.9073
dpa-dp-0.75,2,18,0.3925,1.7389
dpa-dp-0.75,2,19,0.3575,1.9307
dpa-dp-0.75,2,20,0.442,1.6475
dpa-dp-0.75,2,21,0.3415,2.0465
dpa-dp-0.75,2,22,0.436,1.7109
dpa-dp-0.75,2,23,0.382,1.9004
dpa-dp-0.75,2,24,0.3995,1.9039
dpa-dp-0.75,2,25,0.3825,1.9266
dpa-dp-0.75,2,26,0.406,1.7948
dpa-dp-0.75,2,27,0.4495,1.6561
dpa-dp-0.75,2,28,0.3835,1.9829
dpa-dp-0.75,2,29,0.3675,1.9276
dpa-dp-0.75,2,30,0.403,1.819
dpa-dp-0.75,2,31,0.3385,2.0957
dpa-dp-0.75,2,32,0.3695,1.9733
dpa-dp-0.75,2,33,0.392,1.8679
dpa-dp-0.75,2,34,0.37,1.9855
dpa-dp-0.75,2,35,0.4325,1.734
dpa-dp-0.75,2,36,0.4135,1.8413
dpa-dp-0.75,2,37,0.328,2.0849
dpa-dp-0.75,2,38,0.3855,1.8373
dpa-dp-0.75,2,39,0.394,1.9136
dpa-dp-0.75,2,40,0.3965,1.8977
dpa-dp-0.75,2,41,0.377,1.93
dpa-dp-0.75,2,42,0.3935,1.9007
dpa-dp-0.75,2,43,0.3565,2.0237
dpa-dp-0.75,2,44,0.3975,1.9019
dpa-dp-0.75,2,45,0.4285,1.8204
dpa-dp-0.75,2,46,0.348,2.1206
dpa-dp-0.75,2,47,0.3605,2.0439
dpa-dp-0.75,2,48,0.4005,1.9425
dpa-dp-0.75,2,49,0.449,1.7279
dpa-dp-0.75,2,50,0.4005,1.9472
dpa-dp-0.75,2,51,0.3995,1.9661
dpa-dp-0.75,2,52,0.389,2.1039
dpa-dp-0.75,2,53,0.443,1.7946
dpa-dp-0.75,2,54,0.407,1.9527
dpa-dp-0.75,2,55,0.4255,1.8363
dpa-dp-0.75,2,56,0.385,2.0155
dpa-dp-0.75,2,57,0.396,2.0039
dpa-dp-0.75,2,58,0.3955,2.0176
dpa-dp-0.75,2,59,0.409,1.9209
dpa-dp-0.75,2,60,0.331,2.3474
dpa-dp-0.75,2,61,0.4005,2.0159
dpa-dp-0.75,2,62,0.4525,1.8054
dpa-dp-0.75,2,63,0.353,2.2781
dpa-dp-0.75,2,64,0.4025,2.077
dpa-dp-0.75,2,65,0.41,1.9047
dpa-dp-0.75,2,66,0.4135,1.9314
dpa-dp-0.75,2,67,0.374,2.1314
dpa-dp-0.75,2,68,0.4155,1.9085
dpa-dp-0.75,2,69,0.3865,1.9972
dpa-dp-0.75,2,70,0.377,2.031
dpa-dp-0.75,2,71,0.4105,2.0159
dpa-dp-0.75,2,72,0.364,2.2323
dpa-dp-0.75,2,73,0.411,2.0198
dpa-dp-0.75,2,74,0.381,2.1052
dpa-dp-0.75,2,75,0.3785,2.1982
dpa-dp-0.75,2,76,0.389,2.1128
dpa-dp-0.75,2,77,0.393,2.0971
dpa-dp-0.75,2,78,0.4,2.0739
dpa-dp-0.75,2,79,0.3885,2.1706
dpa-dp-0.75,2,80,0.3745,2.1842
dpa-dp-0.75,2,81,0.365,2.3159
dpa-dp-0.75,2,82,0.4325,1.9078
dpa-dp-0.75,2,83,0.3925,2.1575
dpa-dp-0.75,2,84,0.438,1.8985
dpa-dp-0.75,2,85,0.3695,2.2542
dpa-dp-0.75,2,86,0.379,2.1742
dpa-dp-0.75,2,87,0.454,1.8019
dpa-dp-0.75,2,88,0.3965,2.1328
dpa-dp-0.75,2,89,0.4265,2.0331
dpa-dp-0.75,2,90,0.357,2.4348
dpa-dp-0.75,2,91,0.4355,1.9133
dpa-dp-0.75,2,92,0.425,2.0331
dpa-dp-0.75,2,93,0.434,1.9651
dpa-dp-0.75,2,94,0.4115,2.1051
dpa-dp-0.75,2,95,0.3975,2.0966
dpa-dp-0.75,2,96,0.4045,2.0906
dpa-dp-0.75,2,97,0.333,2.4971
dpa-dp-0.75,2,98,0.4155,2.1014
dpa-dp-0.75,2,99,0.405,2.1691
dpa-dp-0.75,2,100,0.4295,2.05
dpa-dp-0.75,2,101,0.41,2.1723
dpa-dp-0.75,2,102,0.4315,2.0857
dpa-dp-0.75,2,103,0.415,2.2131
dpa-dp-0.75,2,104,0.3845,2.3799
dpa-dp-0.75,2,105,0.4475,2.016
dpa-dp-0.75,2,106,0.43,2.134
dpa-dp-0.75,2,107,0.4265,2.1469
dpa-dp-0.75,2,108,0.4465,1.9839
dpa-dp-0.75,2,109,0.4425,2.0503
dpa-dp-0.75,2,110,0.3835,2.4641
dpa-dp-0.75,2,111,0.465,1.939
dpa-dp-0.75,2,112,0.432,2.0603
dpa-dp-0.75,2,113,0.44,2.0753
dpa-dp-0.75,2,114,0.4375,1.9765
dpa-dp-0.75,2,115,0.423,2.0999
dpa-dp-0.75,2,116,0.4375,2.1769
dpa-dp-0.75,2,117,0.4525,1.9683
dpa-dp-0.75,2,118,0.4445,2.0206
dpa-dp-0.75,2,119,0.3955,2.3556
dpa-dp-0.75,2,120,0.4975,1.8826
dpa-dp-0.75,2,121,0.4635,2.1072
dpa-dp-0.75,2,122,0.447,2.0866
dpa-dp-0.75,2,123,0.4005,2.416
dpa-dp-0.75,2,124,0.4265,2.2668
dpa-dp-0.75,2,125,0.4525,2.1605
dpa-dp-0.75,2,126,0.384,2.4369
dpa-dp-0.75,2,127,0.437,2.1279
dpa-dp-0.75,2,128,0.4685,2.0608
dpa-dp-0.75,2,129,0.4895,1.9541
dpa-dp-0.75,2,130,0.455,2.1371
dpa-dp-0.75,2,131,0.4125,2.3609
dpa-dp-0.75,2,132,0.4545,2.1432
dpa-dp-0.75,2,133,0.449,2.086
dpa-dp-0.75,2,134,0.3845,2.4816
dpa-dp-0.75,2,135,0.4205,2.2391
dpa-dp-0.75,2,136,0.4565,2.0941
dpa-dp-0.75,2,137,0.425,2.1927
dpa-dp-0.75,2,138,0.418,2.2638
dpa-dp-0.75,2,139,0.403,2.3921
dpa-dp-0.75,2,140,0.4475,2.1252
dpa-dp-0.75,2,141,0.4175,2.3106
dpa-dp-0.75,2,142,0.4255,2.1843
dpa-dp-0.75,2,143,0.381,2.4859
dpa-dp-0.75,2,144,0.4555,2.0976
dpa-dp-0.75,2,145,0.4035,2.4206
dpa-dp-0.75,2,146,0.417,2.3607
dpa-dp-0.75,2,147,0.423,2.2793
dpa-dp-0.75,2,148,0.4065,2.4176
dpa-dp-0.75,2,149,0.4475,2.1644
dpa-dp-0.75,2,150,0.448,2.1754
dpa-dp-0.75,2,151,0.389,2.6645
dpa-dp-0.75,2,152,0.3865,2.5593
dpa-dp-0.75,2,153,0.3815,2.5345
dpa-dp-0.75,2,154,0.395,2.4954
dpa-dp-0.75,2,155,0.437,2.1745
dpa-dp-0.75,2,156,0.3785,2.5281
dpa-dp-0.75,2,157,0.436,2.2765
dpa-dp-0.75,2,158,0.4535,2.1547
dpa-dp-0.75,2,159,0.424,2.4391
dpa-dp-0.75,2,160,0.4275,2.4912
dpa-dp-0.75,2,161,0.4405,2.296
dpa-dp-0.75,2,162,0.4135,2.5278
dpa-dp-0.75,2,163,0.4285,2.3277
dpa-dp-0.75,2,164,0.4425,2.2571
dpa-dp-0.75,2,165,0.424,2.3861
dpa-dp-0.75,2,166,0.435,2.2523
dpa-dp-0.75,2,167,0.5005,1.9344
dpa-dp-0.75,2,168,0.45,2.2695
dpa-dp-0.75,2,169,0.443,2.2881
dpa-dp-0.75,2,170,0.431,2.4116
dpa-dp-0.75,2,171,0.4595,2.2425
dpa-dp-0.75,2,172,0.459,2.2319
dpa-dp-0.75,2,173,0.412,2.4319
dpa-dp-0.75,2,174,0.434,2.2677
dpa-dp-0.75,2,175,0.432,2.3383
dpa-dp-0.75,2,176,0.421,2.423
dpa-dp-0.75,2,177,0.4235,2.4338
dpa-dp-0.75,2,178,0.447,2.2713
dpa-dp-0.75,2,179,0.419,2.4466
dpa-dp-0.75,2,180,0.495,2.0248
dpa-dp-0.75,2,181,0.463,2.1965
dpa-dp-0.75,2,182,0.468,2.0837
dpa-dp-0.75,2,183,0.484,2.0357
dpa-dp-0.75,2,184,0.4965,1.9426
dpa-dp-0.75,2,185,0.478,2.0488
dpa-dp-0.75,2,186,0.467,2.1038
dpa-dp-0.75,2,187,0.4565,2.2015
dpa-dp-0.75,2,188,0.458,2.167
dpa-dp-0.75,2,189,0.458,2.2623
dpa-dp-0.75,2,190,0.4595,2.1498
dpa-dp-0.75,2,191,0.497,2.0045
dpa-dp-0.75,2,192,0.454,2.1541
dpa-dp-0.75,2,193,0.4705,2.0509
dpa-dp-0.75,2,194,0.473,2.0433
dpa-dp-0.75,2,195,0.4715,2.0075
dpa-dp-0.75,2,196,0.4495,2.2048
dpa-dp-0.75,2,197,0.4695,2.1038
dpa-dp-0.75,2,198,0.4885,2.0578
dpa-dp-0.75,2,199,0.4695,2.1043
dpa-dp-0.75,2,200,0.506,1.9285
dpa-dp-0.65,0,0,0.047,2.404
dpa-dp-0.65,0,1,0.371,2.1218
dpa-dp-0.65,0,2,0.208,2.1374
dpa-dp-0.65,0,3,0.1825,2.1279
dpa-dp-0.65,0,4,0.42,1.8787
dpa-dp-0.65,0,5,0.4095,1.833
dpa-dp-0.65,0,6,0.418,1.9665
dpa-dp-0.65,0,7,0.428,1.9772
dpa-dp-0.65,0,8,0.31,2.2594
dpa-dp-0.65,0,9,0.4025,1.8414
dpa-dp-0.65,0,10,0.325,2.0586
dpa-dp-0.65,0,11,0.3035,2.23
dpa-dp-0.65,0,12,0.171,2.3464
dpa-dp-0.65,0,13,0.287,2.0139
dpa-dp-0.65,0,14,0.448,1.7981
dpa-dp-0.65,0,15,0.349,1.9922
dpa-dp-0.65,0,16,0.4495,2.0483
dpa-dp-0.65,0,17,0.308,2.1625
dpa-dp-0.65,0,18,0.3015,2.0872
dpa-dp-0.65,0,19,0.327,2.2316
dpa-dp-0.65,0,20,0.2765,2.1475
dpa-dp-0.65,0,21,0.2885,2.1718
dpa-dp-0.65,0,22,0.326,2.0667
dpa-dp-0.65,0,23,0.451,1.5677
dpa-dp-0.65,0,24,0.379,1.8184
dpa-dp-0.65,0,25,0.326,2.0658
dpa-dp-0.65,0,26,0.3925,1.8775
dpa-dp-0.65,0,27,0.326,2.0346
dpa-dp-0.65,0,28,0.3045,2.2019
dpa-dp-0.65,0,29,0.3665,1.9683
dpa-dp-0.65,0,30,0.3775,1.8806
dpa-dp-0.65,0,31,0.3195,2.2185
dpa-dp-0.65,0,32,0.346,2.0887
dpa-dp-0.65,0,33,0.3665,1.8886
dpa-dp-0.65,0,34,0.3795,1.9195
dpa-dp-0.65,0,35,0.3105,2.2292
dpa-dp-0.65,0,36,0.32,2.2194
dpa-dp-0.65,0,37,0.4355,1.7605
dpa-dp-0.65,0,38,0.3535,2.0845
dpa-dp-0.65,0,39,0.3685,2.363
dpa-dp-0.65,0,40,0.3805,1.9702
dpa-dp-0.65,0,41,0.4485,1.7395
dpa-dp-0.65,0,42,0.2505,2.3633
dpa-dp-0.65,0,43,0.37,2.0894
dpa-dp-0.65,0,44,0.4085,1.9275
dpa-dp-0.65,0,45,0.384,1.9614
dpa-dp-0.65,0,46,0.3675,2.0714
dpa-dp-0.65,0,47,0.294,2.4192
dpa-dp-0.65,0,48,0.2905,2.2052
dpa-dp-0.65,0,49,0.3795,1.9566
dpa-dp-0.65,0,50,0.4195,1.7552
dpa-dp-0.65,0,51,0.203,2.624
dpa-dp-0.65,0,52,0.3525,2.2976
dpa-dp-0.65,0,53,0.4005,1.7547
dpa-dp-0.65,0,54,0.287,2.3777
dpa-dp-0.65,0,55,0.367,1.9778
dpa-dp-0.65,0,56,0.252,2.4525
dpa-dp-0.65,0,57,0.212,2.9144
dpa-dp-0.65,0,58,0.4285,1.9268
dpa-dp-0.65,0,59,0.4045,1.832
dpa-dp-0.65,0,60,0.374,1.9568
dpa-dp-0.65,0,61,0.3255,2.135
dpa-dp-0.65,0,62,0.2965,2.3562
dpa-dp-0.65,0,63,0.3085,2.1741
dpa-dp-0.65,0,64,0.454,1.6441
dpa-dp-0.65,0,65,0.3625,2.0585
dpa-dp-0.65,0,66,0.2165,2.6803
dpa-dp-0.65,0,67,0.3565,2.2057
dpa-dp-0.65,0,68,0.389,2.0408
dpa-dp-0.65,0,69,0.3375,2.1141
dpa-dp-0.65,0,70,0.1815,3.2291
dpa-dp-0.65,0,71,0.2895,2.6251
dpa-dp-0.65,0,72,0.333,2.3556
dpa-dp-0.65,0,73,0.3885,2.1888
dpa-dp-0.65,0,74,0.436,1.9147
dpa-dp-0.65,0,75,0.3845,2.1708
dpa-dp-0.65,0,76,0.337,2.3038
dpa-dp-0.65,0,77,0.33,2.6236
dpa-dp-0.65,0,78,0.479,1.6943
dpa-dp-0.65,0,79,0.444,1.93
dpa-dp-0.65,0,80,0.358,2.3536
dpa-dp-0.65,0,81,0.2935,2.8418
dpa-dp-0.65,0,82,0.352,2.2111
dpa-dp-0.65,0,83,0.2475,2.7837
dpa-dp-0.65,0,84,0.2955,2.5301
dpa-dp-0.65,0,85,0.3605,2.4325
dpa-dp-0.65,0,86,0.34,2.2872
dpa-dp-0.65,0,87,0.252,2.7703
dpa-dp-0.65,0,88,0.436,1.7449
dpa-dp-0.65,0,89,0.372,2.2646
dpa-dp-0.65,0,90,0.224,2.7012
dpa-dp-0.65,0,91,0.2955,2.2568
dpa-dp-0.65,0,92,0.2825,2.591
dpa-dp-0.65,0,93,0.2695,2.5867
dpa-dp-0.65,0,94,0.214,2.9636
dpa-dp-0.65,0,95,0.27,2.5357
dpa-dp-0.65,0,96,0.311,2.4844
dpa-dp-0.65,0,97,0.246,2.9344
dpa-dp-0.65,0,98,0.33,2.2794
dpa-dp-0.65,0,99,0.258,2.9479
dpa-dp-0.65,0,100,0.4075,2.1391
dpa-dp-0.65,0,101,0.38,2.1746
dpa-dp-0.65,0,102,0.2995,2.5214
dpa-dp-0.65,0,103,0.3255,2.3749
dpa-dp-0.65,0,104,0.3495,2.4666
dpa-dp-0.65,0,105,0.3495,2.2128
dpa-dp-0.65,0,106,0.319,2.3936
dpa-dp-0.65,0,107,0.3085,2.5465
dpa-dp-0.65,0,108,0.413,2.1234
dpa-dp-0.65,0,109,0.2745,2.8408
dpa-dp-0.65,0,110,0.284,2.5316
dpa-dp-0.65,0,111,0.411,2.0394
dpa-dp-0.65,0,112,0.202,3.324
dpa-dp-0.65,0,113,0.4385,1.8817
dpa-dp-0.65,0,114,0.4865,1.6781
dpa-dp-0.65,0,115,0.4175,1.9888
dpa-dp-0.65,0,116,0.431,1.9086
dpa-dp-0.65,0,117,0.3205,2.4874
dpa-dp-0.65,0,118,0.2275,3.0007
dpa-dp-0.65,0,119,0.356,2.3243
dpa-dp-0.65,0,120,0.306,2.4111
dpa-dp-0.65,0,121,0.4215,2.0185
dpa-dp-0.65,0,122,0.351,2.1623
dpa-dp-0.65,0,123,0.359,2.2032
dpa-dp-0.65,0,124,0.409,2.0355
dpa-dp-0.65,0,125,0.3965,2.1734
dpa-dp-0.65,0,126,0.429,1.9811
dpa-dp-0.65,0,127,0.3575,2.1934
dpa-dp-0.65,0,128,0.3985,2.001
dpa-dp-0.65,0,129,0.361,2.094
dpa-dp-0.65,0,130,0.3955,1.9212
dpa-dp-0.65,0,131,0.484,1.766
dpa-dp-0.65,0,132,0.3535,2.5137
dpa-dp-0.65,0,133,0.3515,2.2963
dpa-dp-0.65,0,134,0.388,2.0631
dpa-dp-0.65,0,135,0.3765,2.0149
dpa-dp-0.65,0,136,0.327,2.314
dpa-dp-0.65,0,137,0.3965,2.1073
dpa-dp-0.65,0,138,0.416,2.0522
dpa-dp-0.65,0,139,0.422,2.1668
dpa-dp-0.65,0,140,0.3575,2.4685
dpa-dp-0.65,0,141,0.4265,2.0598
dpa-dp-0.65,0,142,0.4615,1.8789
dpa-dp-0.65,0,143,0.2995,2.4489
dpa-dp-0.65,0,144,0.322,2.5367
dpa-dp-0.65,0,145,0.3175,2.4792
dpa-dp-0.65,0,146,0.41,2.02
dpa-dp-0.65,0,147,0.4905,1.6068
dpa-dp-0.65,0,148,0.48,1.7075
dpa-dp-0.65,0,149,0.35,2.3692
dpa-dp-0.65,0,150,0.4065,2.063
dpa-dp-0.65,0,151,0.387,2.164
dpa-dp-0.65,0,152,0.4665,1.8293
dpa-dp-0.65,0,153,0.4125,1.9183
dpa-dp-0.65,0,154,0.4205,1.8609
dpa-dp-0.65,0,155,0.3695,2.0068
dpa-dp-0.65,0,156,0.33,2.2314
dpa-dp-0.65,0,157,0.4305,1.9713
dpa-dp-0.65,0,158,0.289,2.7638
dpa-dp-0.65,0,159,0.263,2.665
dpa-dp-0.65,0,160,0.3835,2.0104
dpa-dp-0.65,0,161,0.403,1.977
dpa-dp-0.65,0,162,0.378,2.1613
dpa-dp-0.65,0,163,0.3445,2.4106
dpa-dp-0.65,0,164,0.2955,2.5399
dpa-dp-0.65,0,165,0.319,2.4057
dpa-dp-0.65,0,166,0.3645,2.2613
dpa-dp-0.65,0,167,0.423,2.1475
dpa-dp-0.65,0,168,0.416,2.037
dpa-dp-0.65,0,169,0.3585,2.4395
dpa-dp-0.65,0,170,0.2635,3.0232
dpa-dp-0.65,0,171,0.49,1.5881
dpa-dp-0.65,0,172,0.4875,1.6875
dpa-dp-0.65,0,173,0.3725,2.1958
dpa-dp-0.65,0,174,0.3225,2.3537
dpa-dp-0.65,0,175,0.488,1.6258
dpa-dp-0.65,0,176,0.2785,2.6723
dpa-dp-0.65,0,177,0.343,2.2042
dpa-dp-0.65,0,178,0.474,1.6296
dpa-dp-0.65,0,179,0.4255,1.9309
dpa-dp-0.65,0,180,0.596,1.2662
dpa-dp-0.65,0,181,0.428,1.8918
dpa-dp-0.65,0,182,0.418,1.9429
dpa-dp-0.65,0,183,0.46,1.8403
dpa-dp-0.65,0,184,0.437,1.9307
dpa-dp-0.65,0,185,0.3935,2.0101
dpa-dp-0.65,0,186,0.428,1.9204
dpa-dp-0.65,0,187,0.427,1.9438
dpa-dp-0.65,0,188,0.395,2.1144
dpa-dp-0.65,0,189,0.4525,1.9184
dpa-dp-0.65,0,190,0.44,1.9775
dpa-dp-0.65,0,191,0.4165,2.1095
dpa-dp-0.65,0,192,0.467,1.8839
dpa-dp-0.65,0,193,0.449,1.9394
dpa-dp-0.65,0,194,0.4665,1.8424
dpa-dp-0.65,0,195,0.424,2.0283
dpa-dp-0.65,0,196,0.445,1.9226
dpa-dp-0.65,0,197,0.4265,2.028
dpa-dp-0.65,0,198,0.474,1.7919
dpa-dp-0.65,0,199,0.449,1.8948
dpa-dp-0.65,0,200,0.4785,1.7534
dpa-dp-0.65,1,0,0.047,2.404
dpa-dp-0.65,1,1,0.51,1.9411
dpa-dp-0.65,1,2,0.606,1.7635
dpa-dp-0.65,1,3,0.6035,1.6496
dpa-dp-0.65,1,4,0.4035,1.8456
dpa-dp-0.65,1,5,0.3725,1.8885
dpa-dp-0.65,1,6,0.1825,2.0437
dpa-dp-0.65,1,7,0.323,1.9252
dpa-dp-0.65,1,8,0.2455,2.0571
dpa-dp-0.65,1,9,0.3835,1.8583
dpa-dp-0.65,1,10,0.3085,1.9857
dpa-dp-0.65,1,11,0.302,1.9203
dpa-dp-0.65,1,12,0.4445,1.6403
dpa-dp-0.65,1,13,0.3685,1.7959
dpa-dp-0.65,1,14,0.4715,1.5818
dpa-dp-0.65,1,15,0.4035,1.6921
dpa-dp-0.65,1,16,0.4635,1.5738
dpa-dp-0.65,1,17,0.401,1.6774
dpa-dp-0.65,1,18,0.4255,1.6273
dpa-dp-0.65,1,19,0.448,1.6872
dpa-dp-0.65,1,20,0.456,1.5696
dpa-dp-0.65,1,21,0.3925,1.7552
dpa-dp-0.65,1,22,0.3635,1.9979
dpa-dp-0.65,1,23,0.391,1.8242
dpa-dp-0.65,1,24,0.417,1.6825
dpa-dp-0.65,1,25,0.288,2.1335
dpa-dp-0.65,1,26,0.384,2.0042
dpa-dp-0.65,1,27,0.397,1.7675
dpa-dp-0.65,1,28,0.3075,2.0698
dpa-dp-0.65,1,29,0.4345,1.6261
dpa-dp-0.65,1,30,0.452,1.585
dpa-dp-0.65,1,31,0.4785,1.6349
dpa-dp-0.65,1,32,0.402,1.7687
dpa-dp-0.65,1,33,0.4715,1.5852
dpa-dp-0.65,1,34,0.456,1.5978
dpa-dp-0.65,1,35,0.4415,1.6203
dpa-dp-0.65,1,36,0.309,2.171
dpa-dp-0.65,1,37,0.317,2.2904
dpa-dp-0.65,1,38,0.44,1.7319
dpa-dp-0.65,1,39,0.43,1.9505
dpa-dp-0.65,1,40,0.4525,1.7272
dpa-dp-0.65,1,41,0.402,1.9881
dpa-dp-0.65,1,42,0.4285,1.8681
dpa-dp-0.65,1,43,0.3825,1.8886
dpa-dp-0.65,1,44,0.3835,2.032
dpa-dp-0.65,1,45,0.2805,2.3292
dpa-dp-0.65,1,46,0.464,1.797
dpa-dp-0.65,1,47,0.3715,1.9874
dpa-dp-0.65,1,48,0.387,1.9599
dpa-dp-0.65,1,49,0.424,1.9111
dpa-dp-0.65,1,50,0.2995,2.327
dpa-dp-0.65,1,51,0.3845,1.9447
dpa-dp-0.65,1,52,0.3435,2.5171
dpa-dp-0.65,1,53,0.28,2.3491
dpa-dp-0.65,1,54,0.265,2.4112
dpa-dp-0.65,1,55,0.2875,2.3285
dpa-dp-0.65,1,56,0.4785,1.6259
dpa-dp-0.65,1,57,0.3715,2.4098
dpa-dp-0.65,1,58,0.395,2.1316
dpa-dp-0.65,1,59,0.259,2.6147
dpa-dp-0.65,1,60,0.3215,2.4978
dpa-dp-0.65,1,61,0.267,2.7469
dpa-dp-0.65,1,62,0.35,2.3746
dpa-dp-0.65,1,63,0.306,2.4044
dpa-dp-0.65,1,64,0.3415,2.2907
dpa-dp-0.65,1,65,0.3235,2.2551
dpa-dp-0.65,1,66,0.2625,2.5167
dpa-dp-0.65,1,67,0.3205,2.5539
dpa-dp-0.65,1,68,0.3705,2.0574
dpa-dp-0.65,1,69,0.318,2.344
dpa-dp-0.65,1,70,0.2715,2.5185
dpa-dp-0.65,1,71,0.2305,2.7794
dpa-dp-0.65,1,72,0.276,2.7214
dpa-dp-0.65,1,73,0.3055,2.3329
dpa-dp-0.65,1,74,0.123,3.7295
dpa-dp-0.65,1,75,0.3015,2.4745
dpa-dp-0.65,1,76,0.27,2.385
dpa-dp-0.65,1,77,0.238,2.6791
dpa-dp-0.65,1,78,0.2385,2.8125
dpa-dp-0.65,1,79,0.3445,2.1366
dpa-dp-0.65,1,80,0.309,2.2478
dpa-dp-0.65,1,81,0.3055,2.3167
dpa-dp-0.65,1,82,0.272,2.5515
dpa-dp-0.65,1,83,0.2095,2.8976
dpa-dp-0.65,1,84,0.2675,2.6544
dpa-dp-0.65,1,85,0.2665,2.5979
dpa-dp-0.65,1,86,0.308,2.3776
dpa-dp-0.65,1,87,0.343,2.248
dpa-dp-0.65,1,88,0.4235,1.9735
dpa-dp-0.65,1,89,0.368,2.1786
dpa-dp-0.65,1,90,0.337,2.2844
dpa-dp-0.65,1,91,0.2125,2.8772
dpa-dp-0.65,1,92,0.4465,1.9031
dpa-dp-0.65,1,93,0.2645,2.9974
dpa-dp-0.65,1,94,0.3685,2.0986
dpa-dp-0.65,1,95,0.328,2.236
dpa-dp-0.65,1,96,0.233,2.7756
dpa-dp-0.65,1,97,0.376,2.2547
dpa-dp-0.65,1,98,0.4955,1.5742
dpa-dp-0.65,1,99,0.4685,1.7829
dpa-dp-0.65,1,100,0.4115,1.9182
dpa-dp-0.65,1,101,0.42,2.106
dpa-dp-0.65,1,102,0.3555,2.242
dpa-dp-0.65,1,103,0.395,2.0642
dpa-dp-0.65,1,104,0.327,2.382
dpa-dp-0.65,1,105,0.3595,2.2553
dpa-dp-0.65,1,106,0.3625,2.1165
dpa-dp-0.65,1,107,0.2675,2.6742
dpa-dp-0.65,1,108,0.382,2.0689
dpa-dp-0.65,1,109,0.1885,3.157
dpa-dp-0.65,1,110,0.226,2.8955
dpa-dp-0.65,1,111,0.282,2.6578
dpa-dp-0.65,1,112,0.4035,2.1339
dpa-dp-0.65,1,113,0.223,3.2004
dpa-dp-0.65,1,114,0.4045,2.0701
dpa-dp-0.65,1,115,0.414,1.9796
dpa-dp-0.65,1,116,0.296,2.699
dpa-dp-0.65,1,117,0.392,2.1237
dpa-dp-0.65,1,118,0.2705,2.999
dpa-dp-0.65,1,119,0.439,1.7994
dpa-dp-0.65,1,120,0.354,2.2151
dpa-dp-0.65,1,121,0.455,1.7526
dpa-dp-0.65,1,122,0.31,2.4022
dpa-dp-0.65,1,123,0.2255,3.2127
dpa-dp-0.65,1,124,0.366,2.2477
dpa-dp-0.65,1,125,0.422,2.194
dpa-dp-0.65,1,126,0.2245,3.0274
dpa-dp-0.65,1,127,0.4525,1.9179
dpa-dp-0.65,1,128,0.27,2.8883
dpa-dp-0.65,1,129,0.4095,2.2137
dpa-dp-0.65,1,130,0.382,2.3367
dpa-dp-0.65,1,131,0.309,2.6997
dpa-dp-0.65,1,132,0.3225,2.6565
dpa-dp-0.65,1,133,0.3615,2.4196
dpa-dp-0.65,1,134,0.428,2.328
dpa-dp-0.65,1,135,0.376,2.27
dpa-dp-0.65,1,136,0.43,2.0063
dpa-dp-0.65,1,137,0.371,2.335
dpa-dp-0.65,1,138,0.315,2.9367
dpa-dp-0.65,1,139,0.2745,2.9071
dpa-dp-0.65,1,140,0.2575,3.1869
dpa-dp-0.65,1,141,0.298,2.8518
dpa-dp-0.65,1,142,0.3695,2.2896
dpa-dp-0.65,1,143,0.453,1.9212
dpa-dp-0.65,1,144,0.4485,1.8764
dpa-dp-0.65,1,145,0.434,2.106
dpa-dp-0.65,1,146,0.444,2.1035
dpa-dp-0.65,1,147,0.4585,1.9251
dpa-dp-0.65,1,148,0.287,3.0642
dpa-dp-0.65,1,149,0.4115,2.2797
dpa-dp-0.65,1,150,0.4945,1.9301
dpa-dp-0.65,1,151,0.4555,1.8976
dpa-dp-0.65,1,152,0.519,1.5779
dpa-dp-0.65,1,153,0.4135,2.0786
dpa-dp-0.65,1,154,0.3175,2.5534
dpa-dp-0.65,1,155,0.296,2.8075
dpa-dp-0.65,1,156,0.378,2.559
dpa-dp-0.65,1,157,0.342,2.6034
dpa-dp-0.65,1,158,0.362,2.5543
dpa-dp-0.65,1,159,0.3195,2.8126
dpa-dp-0.65,1,160,0.3505,2.6486
dpa-dp-0.65,1,161,0.3875,2.3433
dpa-dp-0.65,1,162,0.4945,1.8656
dpa-dp-0.65,1,163,0.393,2.2438
dpa-dp-0.65,1,164,0.3395,2.4411
dpa-dp-0.65,1,165,0.313,2.5974
dpa-dp-0.65,1,166,0.3015,2.5121
dpa-dp-0.65,1,167,0.4595,2.169
dpa-dp-0.65,1,168,0.3025,2.5187
dpa-dp-0.65,1,169,0.3785,2.2486
dpa-dp-0.65,1,170,0.4025,2.5663
dpa-dp-0.65,1,171,0.4715,2.1201
dpa-dp-0.65,1,172,0.312,2.6031
dpa-dp-0.65,1,173,0.4135,2.2656
dpa-dp-0.65,1,174,0.404,2.2949
dpa-dp-0.65,1,175,0.3025,2.67
dpa-dp-0.65,1,176,0.2855,2.9496
dpa-dp-0.65,1,177,0.3555,2.3905
dpa-dp-0.65,1,178,0.4855,1.8529
dpa-dp-0.65,1,179,0.3265,2.6582
dpa-dp-0.65,1,180,0.431,1.9969
dpa-dp-0.65,1,181,0.449,1.9628
dpa-dp-0.65,1,182,0.426,2.1005
dpa-dp-0.65,1,183,0.4065,2.1691
dpa-dp-0.65,1,184,0.3895,2.2619
dpa-dp-0.65,1,185,0.417,2.1677
dpa-dp-0.65,1,186,0.3935,2.2193
dpa-dp-0.65,1,187,0.4195,2.087
dpa-dp-0.65,1,188,0.4205,2.1109
dpa-dp-0.65,1,189,0.429,2.023
dpa-dp-0.65,1,190,0.4525,1.8931
dpa-dp-0.65,1,191,0.479,1.7826
dpa-dp-0.65,1,192,0.4555,1.9099
dpa-dp-0.65,1,193,0.4565,1.9835
dpa-dp-0.65,1,194,0.443,1.9724
dpa-dp-0.65,1,195,0.45,1.9686
dpa-dp-0.65,1,196,0.44,1.9837
dpa-dp-0.65,1,197,0.473,1.8443
dpa-dp-0.65,1,198,0.447,1.9776
dpa-dp-0.65,1,199,0.483,1.8821
dpa-dp-0.65,1,200,0.491,1.7828
dpa-dp-0.65,2,0,0.047,2.404
dpa-dp-0.65,2,1,0.077,2.2392
dpa-dp-0.65,2,2,0.44,1.988
dpa-dp-0.65,2,3,0.2745,2.0395
dpa-dp-0.65,2,4,0.335,1.9812
dpa-dp-0.65,2,5,0.434,1.8388
dpa-dp-0.65,2,6,0.4135,1.8553
dpa-dp-0.65,2,7,0.3015,1.9667
dpa-dp-0.65,2,8,0.3945,1.7622
dpa-dp-0.65,2,9,0.389,1.7997
dpa-dp-0.65,2,10,0.225,2.3051
dpa-dp-0.65,2,11,0.262,2.0446
dpa-dp-0.65,2,12,0.3395,2.0124
dpa-dp-0.65,2,13,0.113,2.4803
dpa-dp-0.65,2,14,0.446,1.6932
dpa-dp-0.65,2,15,0.3355,2.007
dpa-dp-0.65,2,16,0.46,1.6524
dpa-dp-0.65,2,17,0.225,2.2966
dpa-dp-0.65,2,18,0.371,1.8491
dpa-dp-0.65,2,19,0.2715,2.1413
dpa-dp-0.65,2,20,0.4235,1.663
dpa-dp-0.65,2,21,0.17,2.6503
dpa-dp-0.65,2,22,0.3765,1.9156
dpa-dp-0.65,2,23,0.2465,2.4592
dpa-dp-0.65,2,24,0.2455,2.3533
dpa-dp-0.65,2,25,0.2275,2.5125
dpa-dp-0.65,2,26,0.346,2.0396
dpa-dp-0.65,2,27,0.382,1.8557
dpa-dp-0.65,2,28,0.194,2.596
dpa-dp-0.65,2,29,0.181,2.5001
dpa-dp-0.65,2,30,0.2285,2.4375
dpa-dp-0.65,2,31,0.244,2.4763
dpa-dp-0.65,2,32,0.222,2.5585
dpa-dp-0.65,2,33,0.3055,2.1887
dpa-dp-0.65,2,34,0.31,2.2273
dpa-dp-0.65,2,35,0.349,2.1102
dpa-dp-0.65,2,36,0.318,2.1626
dpa-dp-0.65,2,37,0.124,2.9668
dpa-dp-0.65,2,38,0.324,2.0409
dpa-dp-0.65,2,39,0.27,2.3459
dpa-dp-0.65,2,40,0.3145,2.1165
dpa-dp-0.65,2,41,0.269,2.3663
dpa-dp-0.65,2,42,0.285,2.2375
dpa-dp-0.65,2,43,0.206,2.5688
dpa-dp-0.65,2,44,0.228,2.5379
dpa-dp-0.65,2,45,0.3175,2.1102
dpa-dp-0.65,2,46,0.1705,2.8324
dpa-dp-0.65,2,47,0.234,2.4055
dpa-dp-0.65,2,48,0.275,2.3835
dpa-dp-0.65,2,49,0.314,2.0107
dpa-dp-0.65,2,50,0.2425,2.449
dpa-dp-0.65,2,51,0.232,2.5052
dpa-dp-0.65,2,52,0.3165,2.1646
dpa-dp-0.65,2,53,0.253,2.4502
dpa-dp-0.65,2,54,0.3215,2.2
dpa-dp-0.65,2,55,0.299,2.2426
dpa-dp-0.65,2,56,0.25,2.5627
dpa-dp-0.65,2,57,0.275,2.5535
dpa-dp-0.65,2,58,0.2905,2.4196
dpa-dp-0.65,2,59,0.2095,2.833
dpa-dp-0.65,2,60,0.132,3.3177
dpa-dp-0.65,2,61,0.2565,2.4503
dpa-dp-0.65,2,62,0.401,2.0689
dpa-dp-0.65,2,63,0.2515,2.6849
dpa-dp-0.65,2,64,0.265,2.4973
dpa-dp-0.65,2,65,0.348,1.9931
dpa-dp-0.65,2,66,0.2485,2.5765
dpa-dp-0.65,2,67,0.1985,3.1022
dpa-dp-0.65,2,68,0.251,2.6169
dpa-dp-0.65,2,69,0.3025,2.3923
dpa-dp-0.65,2,70,0.1955,3.0501
dpa-dp-0.65,2,71,0.2055,3.2655
dpa-dp-0.65,2,72,0.2265,3.0227
dpa-dp-0.65,2,73,0.2825,2.5777
dpa-dp-0.65,2,74,0.2555,2.8103
dpa-dp-0.65,2,75,0.2935,2.5233
dpa-dp-0.65,2,76,0.347,2.1862
dpa-dp-0.65,2,77,0.374,2.2968
dpa-dp-0.65,2,78,0.3915,1.9711
dpa-dp-0.65,2,79,0.3805,2.2079
dpa-dp-0.65,2,80,0.383,2.0873
dpa-dp-0.65,2,81,0.331,2.3594
dpa-dp-0.65,2,82,0.408,2.101
dpa-dp-0.65,2,83,0.32,2.54
dpa-dp-0.65,2,84,0.414,2.0142
dpa-dp-0.65,2,85,0.365,2.2942
dpa-dp-0.65,2,86,0.3335,2.3329
dpa-dp-0.65,2,87,0.456,1.9275
dpa-dp-0.65,2,88,0.323,2.5059
dpa-dp-0.65,2,89,0.338,2.5687
dpa-dp-0.65,2,90,0.2355,2.8934
dpa-dp-0.65,2,91,0.3315,2.2415
dpa-dp-0.65,2,92,0.352,2.3354
dpa-dp-0.65,2,93,0.3875,2.3244
dpa-dp-0.65,2,94,0.3485,2.4321
dpa-dp-0.65,2,95,0.265,2.6423
dpa-dp-0.65,2,96,0.328,2.4375
dpa-dp-0.65,2,97,0.2525,2.7122
dpa-dp-0.65,2,98,0.3455,2.3894
dpa-dp-0.65,2,99,0.411,1.9989
dpa-dp-0.65,2,100,0.4335,1.9451
dpa-dp-0.65,2,101,0.466,1.829
dpa-dp-0.65,2,102,0.3785,2.4403
dpa-dp-0.65,2,103,0.362,2.3972
dpa-dp-0.65,2,104,0.264,2.7331
dpa-dp-0.65,2,105,0.4235,2.0612
dpa-dp-0.65,2,106,0.3395,2.4656
dpa-dp-0.65,2,107,0.4475,1.8119
dpa-dp-0.65,2,108,0.339,2.2757
dpa-dp-0.65,2,109,0.3865,2.1162
dpa-dp-0.65,2,110,0.254,3.1171
dpa-dp-0.65,2,111,0.366,2.4398
dpa-dp-0.65,2,112,0.3535,2.1291
dpa-dp-0.65,2,113,0.318,2.3463
dpa-dp-0.65,2,114,0.37,1.9848
dpa-dp-0.65,2,115,0.295,2.3913
dpa-dp-0.65,2,116,0.463,1.8442
dpa-dp-0.65,2,117,0.426,1.8756
dpa-dp-0.65,2,118,0.414,1.9119
dpa-dp-0.65,2,119,0.326,2.3696
dpa-dp-0.65,2,120,0.502,1.6112
dpa-dp-0.65,2,121,0.419,2.3236
dpa-dp-0.65,2,122,0.5,1.6058
dpa-dp-0.65,2,123,0.246,3.1957
dpa-dp-0.65,2,124,0.411,2.0496
dpa-dp-0.65,2,125,0.3575,2.3563
dpa-dp-0.65,2,126,0.297,2.4829
dpa-dp-0.65,2,127,0.2945,2.4401
dpa-dp-0.65,2,128,0.3745,2.2086
dpa-dp-0.65,2,129,0.486,1.6964
dpa-dp-0.65,2,130,0.4025,2.1435
dpa-dp-0.65,2,131,0.312,2.5854
dpa-dp-0.65,2,132,0.33,2.6213
dpa-dp-0.65,2,133,0.418,1.9409
dpa-dp-0.65,2,134,0.3095,2.5456
dpa-dp-0.65,2,135,0.256,2.6691
dpa-dp-0.65,2,136,0.29,2.676
dpa-dp-0.65,2,137,0.2625,2.8685
dpa-dp-0.65,2,138,0.277,2.7655
dpa-dp-0.65,2,139,0.252,2.9495
dpa-dp-0.65,2,140,0.2775,2.8433
dpa-dp-0.65,2,141,0.156,3.998
dpa-dp-0.65,2,142,0.2725,2.9486
dpa-dp-0.65,2,143,0.3055,2.6311
dpa-dp-0.65,2,144,0.343,2.3086
dpa-dp-0.65,2,145,0.184,3.6406
dpa-dp-0.65,2,146,0.3,2.6737
dpa-dp-0.65,2,147,0.3275,2.5692
dpa-dp-0.65,2,148,0.2565,3.0628
dpa-dp-0.65,2,149,0.4285,2.1645
dpa-dp-0.65,2,150,0.409,2.1804
dpa-dp-0.65,2,151,0.293,2.9684
dpa-dp-0.65,2,152,0.361,2.4536
dpa-dp-0.65,2,153,0.3785,2.3364
dpa-dp-0.65,2,154,0.2375,3.5386
dpa-dp-0.65,2,155,0.5265,1.5436
dpa-dp-0.65,2,156,0.335,2.6087
dpa-dp-0.65,2,157,0.425,2.2188
dpa-dp-0.65,2,158,0.309,2.6947
dpa-dp-0.65,2,159,0.3745,2.3174
dpa-dp-0.65,2,160,0.2565,3.1753
dpa-dp-0.65,2,161,0.3865,2.262
dpa-dp-0.65,2,162,0.381,2.2671
dpa-dp-0.65,2,163,0.4475,1.7941
dpa-dp-0.65,2,164,0.384,2.2582
dpa-dp-0.65,2,165,0.3815,2.3455
dpa-dp-0.65,2,166,0.4515,1.8609
dpa-dp-0.65,2,167,0.4385,1.9778
dpa-dp-0.65,2,168,0.38,2.2546
dpa-dp-0.65,2,169,0.3665,2.3056
dpa-dp-0.65,2,170,0.3865,2.2306
dpa-dp-0.65,2,171,0.248,3.3306
dpa-dp-0.65,2,172,0.3405,2.7996
dpa-dp-0.65,2,173,0.3965,2.3505
dpa-dp-0.65,2,174,0.411,2.3191
dpa-dp-0.65,2,175,0.305,2.8531
dpa-dp-0.65,2,176,0.2795,3.1429
dpa-dp-0.65,2,177,0.359,2.8021
dpa-dp-0.65,2,178,0.383,2.4767
dpa-dp-0.65,2,179,0.4125,2.22
dpa-dp-0.65,2,180,0.4505,2.1089
dpa-dp-0.65,2,181,0.4625,1.9684
dpa-dp-0.65,2,182,0.4395,2.0262
dpa-dp-0.65,2,183,0.4585,1.9429
dpa-dp-0.65,2,184,0.4655,1.9166
dpa-dp-0.65,2,185,0.4425,2.0573
dpa-dp-0.65,2,186,0.429,2.0976
dpa-dp-0.65,2,187,0.4465,1.9818
dpa-dp-0.65,2,188,0.432,2.0679
dpa-dp-0.65,2,189,0.4455,2.0653
dpa-dp-0.65,2,190,0.4235,2.1421
dpa-dp-0.65,2,191,0.449,1.9721
dpa-dp-0.65,2,192,0.4365,2.0489
dpa-dp-0.65,2,193,0.4365,2.0752
dpa-dp-0.65,2,194,0.4255,2.1453
dpa-dp-0.65,2,195,0.4815,1.8568
dpa-dp-0.65,2,196,0.478,1.8745
dpa-dp-0.65,2,197,0.471,1.8621
dpa-dp-0.65,2,198,0.44,1.9899
dpa-dp-0.65,2,199,0.4805,1.8969
dpa-dp-0.65,2,200,0.467,1.906
