id,round,value
cos_10623672051720077216,1,1.0
cos_10623672051720077216,2,-0.0021145
cos_10623672051720077216,3,0.0016871
cos_10623672051720077216,4,6.9228e-06
cos_10623672051720077216,5,-0.00051221
cos_10623672051720077216,6,0.001538
cos_10623672051720077216,7,-6.2392e-05
cos_10623672051720077216,8,0.00038259
cos_10623672051720077216,9,0.00077277
cos_10623672051720077216,10,0.0007937
cos_10623672051720077216,11,0.00044027
cos_10623672051720077216,12,-0.00066155
cos_10623672051720077216,13,-4.151e-05
cos_10623672051720077216,14,0.00036205
cos_10623672051720077216,15,-0.00069283
cos_10623672051720077216,16,0.0019627
cos_10623672051720077216,17,0.002466
cos_10623672051720077216,18,-0.00032884
cos_10623672051720077216,19,0.00088223
cos_10623672051720077216,20,-0.00031079
cos_10623672051720077216,21,0.0008322
cos_10623672051720077216,22,0.00088847
cos_10623672051720077216,23,0.0023059
cos_10623672051720077216,24,0.00027302
cos_10623672051720077216,25,0.0029155
cos_10623672051720077216,26,0.0026412
cos_10623672051720077216,27,0.0030681
cos_10623672051720077216,28,0.00047156
cos_10623672051720077216,29,-0.0011204
cos_10623672051720077216,30,-0.0013001
cos_12717780387353356191,1,1.0
cos_12717780387353356191,2,-0.00091215
cos_12717780387353356191,3,0.0011444
cos_12717780387353356191,4,0.00030742
cos_12717780387353356191,5,-0.00039318
cos_12717780387353356191,6,-0.0010976
cos_12717780387353356191,7,-0.00054283
cos_12717780387353356191,8,0.00097869
cos_12717780387353356191,9,-0.0002598
cos_12717780387353356191,10,0.0011637
cos_12717780387353356191,11,-0.00076847
cos_12717780387353356191,12,0.000832
cos_12717780387353356191,13,0.00026594
cos_12717780387353356191,14,-0.0021971
cos_12717780387353356191,15,-0.0015581
cos_12717780387353356191,16,-0.00059513
cos_12717780387353356191,17,0.00062988
cos_12717780387353356191,18,-0.0018658
cos_12717780387353356191,19,0.0016951
cos_12717780387353356191,20,0.00027446
cos_12717780387353356191,21,0.00061056
cos_12717780387353356191,22,0.00094649
cos_12717780387353356191,23,0.0014024
cos_12717780387353356191,24,-0.0001887
cos_12717780387353356191,25,0.0021063
cos_12717780387353356191,26,0.001328
cos_12717780387353356191,27,0.0019857
cos_12717780387353356191,28,-0.0005076
cos_12717780387353356191,29,-0.00087
cos_12717780387353356191,30,0.0014743
cos_13457343833511804505,1,1.0
cos_13457343833511804505,2,-0.0010632
cos_13457343833511804505,3,0.00038673
cos_13457343833511804505,4,0.0016645
cos_13457343833511804505,5,-0.00039204
cos_13457343833511804505,6,-0.0015871
cos_13457343833511804505,7,0.0015519
cos_13457343833511804505,8,-0.00081803
cos_13457343833511804505,9,-0.00062634
cos_13457343833511804505,10,-0.0015789
cos_13457343833511804505,11,-0.0026685
cos_13457343833511804505,12,-0.00088575
cos_13457343833511804505,13,0.0003069
cos_13457343833511804505,14,0.00046127
cos_13457343833511804505,15,0.0016845
cos_13457343833511804505,16,-0.00010788
cos_13457343833511804505,17,0.00036262
cos_13457343833511804505,18,1.2477e-05
cos_13457343833511804505,19,0.00096808
cos_13457343833511804505,20,-0.0016661
cos_13457343833511804505,21,-0.00032965
cos_13457343833511804505,22,0.0022144
cos_13457343833511804505,23,0.00074916
cos_13457343833511804505,24,0.0024876
cos_13457343833511804505,25,0.00081296
cos_13457343833511804505,26,0.00057302
cos_13457343833511804505,27,0.002283
cos_13457343833511804505,28,-0.00027991
cos_13457343833511804505,29,0.0020859
cos_13457343833511804505,30,0.00052943
cos_16616880391334226090,1,1.0
cos_16616880391334226090,2,0.001438
cos_16616880391334226090,3,0.00039904
cos_16616880391334226090,4,-0.0020032
cos_16616880391334226090,5,0.0026758
cos_16616880391334226090,6,-0.0018651
cos_16616880391334226090,7,-9.0602e-05
cos_16616880391334226090,8,-0.00046442
cos_16616880391334226090,9,-0.0023431
cos_16616880391334226090,10,0.001531
cos_16616880391334226090,11,0.0024092
cos_16616880391334226090,12,0.00031744
cos_16616880391334226090,13,-0.00074167
cos_16616880391334226090,14,0.0013735
cos_16616880391334226090,15,-0.00026421
cos_16616880391334226090,16,-0.0038873
cos_16616880391334226090,17,-0.00018777
cos_16616880391334226090,18,0.00089107
cos_16616880391334226090,19,-0.0035421
cos_16616880391334226090,20,0.00039752
cos_16616880391334226090,21,-0.00020843
cos_16616880391334226090,22,0.0024366
cos_16616880391334226090,23,0.0021744
cos_16616880391334226090,24,0.00030542
cos_16616880391334226090,25,0.0020664
cos_16616880391334226090,26,-0.0006462
cos_16616880391334226090,27,0.00038589
cos_16616880391334226090,28,0.0003267
cos_16616880391334226090,29,0.00027044
cos_16616880391334226090,30,0.0014904
cos_17486856831171361977,1,1.0
cos_17486856831171361977,2,0.00090514
cos_17486856831171361977,3,-0.0013575
cos_17486856831171361977,4,-0.00080824
cos_17486856831171361977,5,0.00087439
cos_17486856831171361977,6,-0.00066711
cos_17486856831171361977,7,0.0014306
cos_17486856831171361977,8,0.0001858
cos_17486856831171361977,9,0.002476
cos_17486856831171361977,10,0.00019853
cos_17486856831171361977,11,0.001097
cos_17486856831171361977,12,0.0023411
cos_17486856831171361977,13,-0.0014782
cos_17486856831171361977,14,-0.0010688
cos_17486856831171361977,15,0.0010655
cos_17486856831171361977,16,-0.00081972
cos_17486856831171361977,17,-0.0011368
cos_17486856831171361977,18,-0.00012382
cos_17486856831171361977,19,-0.0014526
cos_17486856831171361977,20,-0.00073201
cos_17486856831171361977,21,0.00059418
cos_17486856831171361977,22,0.001927
cos_17486856831171361977,23,0.0005595
cos_17486856831171361977,24,0.0026401
cos_17486856831171361977,25,0.0024031
cos_17486856831171361977,26,0.0023559
cos_17486856831171361977,27,-0.00080183
cos_17486856831171361977,28,-0.00076123
cos_17486856831171361977,29,-0.0010322
cos_17486856831171361977,30,0.0029159
cos_17960766058508661573,1,1.0
cos_17960766058508661573,2,-0.0011338
cos_17960766058508661573,3,0.00017212
cos_17960766058508661573,4,0.00019322
cos_17960766058508661573,5,-0.00079212
cos_17960766058508661573,6,7.6126e-05
cos_17960766058508661573,7,0.00039603
cos_17960766058508661573,8,-0.00103
cos_17960766058508661573,9,-0.0028048
cos_17960766058508661573,10,-7.9395e-05
cos_17960766058508661573,11,0.0021782
cos_17960766058508661573,12,-0.0024169
cos_17960766058508661573,13,-0.00099082
cos_17960766058508661573,14,-0.0018345
cos_17960766058508661573,15,0.0008222
cos_17960766058508661573,16,0.0014844
cos_17960766058508661573,17,0.0017432
cos_17960766058508661573,18,-0.0023909
cos_17960766058508661573,19,0.00053322
cos_17960766058508661573,20,-0.00030686
cos_17960766058508661573,21,0.0004467
cos_17960766058508661573,22,0.0022564
cos_17960766058508661573,23,0.00024505
cos_17960766058508661573,24,0.00079734
cos_17960766058508661573,25,0.00082445
cos_17960766058508661573,26,0.00030987
cos_17960766058508661573,27,-0.00061743
cos_17960766058508661573,28,-9.0464e-06
cos_17960766058508661573,29,0.002187
cos_17960766058508661573,30,-0.00015241
cos_4063565972801326645,1,1.0
cos_4063565972801326645,2,-6.0906e-05
cos_4063565972801326645,3,-8.7069e-05
cos_4063565972801326645,4,0.00058297
cos_4063565972801326645,5,-0.0010452
cos_4063565972801326645,6,0.001664
cos_4063565972801326645,7,-0.0022439
cos_4063565972801326645,8,0.0024479
cos_4063565972801326645,9,-0.00077889
cos_4063565972801326645,10,-0.00015949
cos_4063565972801326645,11,-0.00068127
cos_4063565972801326645,12,-0.0011247
cos_4063565972801326645,13,-0.0016336
cos_4063565972801326645,14,0.00012991
cos_4063565972801326645,15,-0.0011665
cos_4063565972801326645,16,0.00080943
cos_4063565972801326645,17,-0.00077009
cos_4063565972801326645,18,0.00086815
cos_4063565972801326645,19,-0.0030857
cos_4063565972801326645,20,-0.0013375
cos_4063565972801326645,21,-3.2138e-05
cos_4063565972801326645,22,-0.00012832
cos_4063565972801326645,23,-0.00031556
cos_4063565972801326645,24,-0.00026221
cos_4063565972801326645,25,0.00026199
cos_4063565972801326645,26,8.138e-05
cos_4063565972801326645,27,-0.00067174
cos_4063565972801326645,28,0.00079802
cos_4063565972801326645,29,0.001367
cos_4063565972801326645,30,0.00024371
cos_6114800220184159855,1,1.0
cos_6114800220184159855,2,-0.0017204
cos_6114800220184159855,3,0.00045688
cos_6114800220184159855,4,0.00020084
cos_6114800220184159855,5,-0.00067951
cos_6114800220184159855,6,0.00056587
cos_6114800220184159855,7,0.00021906
cos_6114800220184159855,8,-0.0011128
cos_6114800220184159855,9,0.0027174
cos_6114800220184159855,10,0.00050361
cos_6114800220184159855,11,-0.0028232
cos_6114800220184159855,12,-0.00074279
cos_6114800220184159855,13,-3.7148e-06
cos_6114800220184159855,14,-0.0022136
cos_6114800220184159855,15,-0.0028648
cos_6114800220184159855,16,-0.00359
cos_6114800220184159855,17,-0.0014191
cos_6114800220184159855,18,0.0019039
cos_6114800220184159855,19,-0.0011735
cos_6114800220184159855,20,9.455e-05
cos_6114800220184159855,21,0.00063922
cos_6114800220184159855,22,-0.0003549
cos_6114800220184159855,23,0.00098625
cos_6114800220184159855,24,0.0016542
cos_6114800220184159855,25,-0.00022614
cos_6114800220184159855,26,0.0016179
cos_6114800220184159855,27,0.00015649
cos_6114800220184159855,28,0.00016272
cos_6114800220184159855,29,0.00024852
cos_6114800220184159855,30,-0.0011953
cos_6784761972597182786,1,1.0
cos_6784761972597182786,2,-0.00029412
cos_6784761972597182786,3,-0.00062786
cos_6784761972597182786,4,-0.00040655
cos_6784761972597182786,5,0.00085355
cos_6784761972597182786,6,6.0172e-05
cos_6784761972597182786,7,0.00072738
cos_6784761972597182786,8,7.0362e-05
cos_6784761972597182786,9,0.00049769
cos_6784761972597182786,10,-0.0012186
cos_6784761972597182786,11,0.0010279
cos_6784761972597182786,12,-0.00047698
cos_6784761972597182786,13,-0.00053791
cos_6784761972597182786,14,0.0011009
cos_6784761972597182786,15,-0.00071091
cos_6784761972597182786,16,-0.0010508
cos_6784761972597182786,17,0.0012366
cos_6784761972597182786,18,-0.00096409
cos_6784761972597182786,19,-0.00062281
cos_6784761972597182786,20,-0.00029052
cos_6784761972597182786,21,-0.0012777
cos_6784761972597182786,22,7.1553e-05
cos_6784761972597182786,23,0.00030557
cos_6784761972597182786,24,0.0011843
cos_6784761972597182786,25,1.1049e-05
cos_6784761972597182786,26,-0.0012974
cos_6784761972597182786,27,0.0012957
cos_6784761972597182786,28,-0.0017218
cos_6784761972597182786,29,0.0025148
cos_6784761972597182786,30,0.0019001
cos_7404983973232320390,1,1.0
cos_7404983973232320390,2,4.1281e-05
cos_7404983973232320390,3,0.0015797
cos_7404983973232320390,4,0.00022687
cos_7404983973232320390,5,0.0024086
cos_7404983973232320390,6,-0.00066798
cos_7404983973232320390,7,0.00034502
cos_7404983973232320390,8,0.0010411
cos_7404983973232320390,9,-0.0023119
cos_7404983973232320390,10,0.0015145
cos_7404983973232320390,11,-0.00063698
cos_7404983973232320390,12,-0.00017592
cos_7404983973232320390,13,-0.0006423
cos_7404983973232320390,14,0.0016428
cos_7404983973232320390,15,0.0015511
cos_7404983973232320390,16,-0.00021044
cos_7404983973232320390,17,-0.0010573
cos_7404983973232320390,18,0.000721
cos_7404983973232320390,19,-0.0016846
cos_7404983973232320390,20,-0.00050325
cos_7404983973232320390,21,0.0006222
cos_7404983973232320390,22,0.00026618
cos_7404983973232320390,23,0.00055594
cos_7404983973232320390,24,0.0022555
cos_7404983973232320390,25,0.001058
cos_7404983973232320390,26,0.00090381
cos_7404983973232320390,27,7.8848e-05
cos_7404983973232320390,28,-0.0010299
cos_7404983973232320390,29,-0.00029891
cos_7404983973232320390,30,0.00076604
