id,seed,confusion
fixed,0,"[[443, 59, 115, 17, 28, 4, 14, 22, 205, 93], [24, 754, 4, 10, 15, 4, 6, 11, 33, 139], [60, 10, 387, 70, 157, 92, 44, 60, 84, 36], [12, 36, 140, 292, 131, 122, 41, 75, 71, 80], [16, 26, 129, 59, 415, 46, 67, 157, 45, 40], [8, 19, 147, 139, 121, 349, 29, 110, 31, 47], [13, 35, 98, 72, 165, 36, 480, 8, 54, 39], [9, 22, 46, 41, 92, 44, 4, 633, 13, 96], [43, 65, 27, 14, 20, 9, 2, 12, 747, 61], [24, 115, 5, 17, 14, 6, 1, 21, 46, 751]]"
fixed,1,"[[367, 80, 195, 8, 15, 16, 36, 37, 177, 69], [15, 797, 7, 9, 9, 5, 12, 29, 19, 98], [48, 29, 472, 38, 80, 104, 81, 85, 41, 22], [3, 39, 176, 201, 94, 199, 78, 101, 35, 74], [6, 30, 178, 25, 339, 62, 128, 201, 19, 12], [3, 16, 122, 66, 80, 487, 40, 144, 17, 25], [7, 26, 97, 33, 109, 25, 618, 24, 33, 28], [2, 23, 57, 22, 57, 72, 15, 697, 9, 46], [36, 96, 45, 13, 14, 10, 8, 14, 711, 53], [13, 153, 19, 17, 9, 10, 9, 53, 51, 666]]"
fixed,2,"[[407, 106, 121, 13, 28, 10, 11, 45, 156, 103], [12, 781, 8, 2, 11, 3, 4, 21, 27, 131], [57, 37, 349, 53, 159, 74, 59, 121, 52, 39], [15, 67, 122, 226, 114, 130, 36, 139, 31, 120], [20, 32, 89, 39, 461, 40, 65, 200, 28, 26], [5, 29, 91, 149, 94, 337, 25, 205, 18, 47], [12, 65, 76, 66, 167, 16, 473, 30, 32, 63], [7, 23, 31, 29, 70, 50, 7, 696, 11, 76], [39, 111, 39, 15, 19, 7, 6, 14, 682, 68], [17, 136, 9, 10, 13, 2, 4, 28, 32, 749]]"
dpa-dp-0.85,0,"[[459, 60, 121, 16, 32, 4, 23, 18, 188, 79], [28, 762, 4, 10, 13, 5, 11, 9, 30, 128], [69, 8, 413, 59, 161, 97, 53, 49, 61, 30], [13, 36, 148, 278, 147, 126, 55, 59, 63, 75], [21, 23, 128, 67, 436, 52, 76, 134, 34, 29], [9, 20, 153, 135, 125, 373, 37, 89, 23, 36], [15, 31, 103, 60, 150, 31, 533, 8, 38, 31], [11, 20, 55, 43, 120, 46, 6, 615, 12, 72], [48, 63, 34, 17, 21, 9, 2, 8, 740, 58], [23, 118, 8, 17, 15, 8, 2, 21, 44, 744]]"
dpa-dp-0.85,1,"[[424, 69, 177, 11, 19, 12, 34, 33, 154, 67], [21, 792, 10, 7, 9, 5, 14, 34, 21, 87], [54, 25, 461, 48, 88, 104, 85, 81, 34, 20], [10, 36, 158, 205, 102, 208, 80, 104, 35, 62], [9, 27, 164, 29, 362, 63, 131, 182, 20, 13], [5, 13, 108, 76, 93, 487, 42, 134, 13, 29], [8, 25, 85, 38, 116, 26, 629, 23, 27, 23], [10, 19, 52, 31, 59, 69, 16, 689, 6, 49], [43, 92, 49, 13, 14, 12, 9, 12, 706, 50], [18, 147, 17, 19, 12, 8, 8, 53, 45, 673]]"
dpa-dp-0.85,2,"[[441, 95, 119, 12, 31, 9, 13, 38, 151, 91], [16, 805, 7, 2, 10, 3, 6, 16, 28, 107], [55, 42, 385, 47, 149, 67, 75, 94, 53, 33], [16, 64, 133, 238, 120, 131, 50, 118, 30, 100], [22, 30, 100, 36, 475, 38, 81, 169, 28, 21], [5, 23, 100, 145, 117, 343, 31, 175, 25, 36], [13, 59, 73, 55, 156, 20, 523, 24, 35, 42], [7, 20, 45, 22, 87, 53, 8, 676, 11, 71], [45, 107, 40, 12, 19, 7, 8, 13, 694, 55], [18, 154, 11, 11, 18, 4, 7, 30, 39, 708]]"
dpa-dp-0.75,0,"[[465, 52, 148, 15, 38, 6, 32, 18, 157, 69], [31, 749, 6, 10, 14, 5, 12, 11, 25, 137], [69, 8, 431, 58, 158, 94, 61, 45, 50, 26], [17, 35, 157, 262, 145, 137, 74, 53, 49, 71], [24, 18, 142, 54, 449, 50, 89, 125, 27, 22], [6, 18, 158, 120, 134, 397, 34, 83, 19, 31], [13, 27, 106, 55, 137, 38, 564, 7, 24, 29], [10, 17, 55, 39, 136, 55, 8, 610, 11, 59], [51, 66, 40, 16, 22, 10, 6, 9, 727, 53], [25, 125, 7, 17, 19, 8, 1, 23, 43, 732]]"
dpa-dp-0.75,1,"[[436, 65, 185, 14, 18, 12, 33, 34, 137, 66], [27, 781, 10, 6, 9, 5, 15, 30, 16, 101], [55, 17, 473, 48, 97, 97, 82, 68, 35, 28], [16, 34, 169, 209, 114, 198, 75, 86, 32, 67], [15, 18, 172, 32, 382, 53, 132, 168, 16, 12], [5, 13, 127, 76, 108, 459, 47, 128, 12, 25], [9, 28, 88, 46, 130, 19, 611, 22, 25, 22], [11, 19, 53, 31, 68, 62, 15, 687, 4, 50], [63, 92, 54, 15, 14, 12, 11, 11, 670, 58], [22, 124, 16, 19, 10, 7, 10, 55, 43, 694]]"
dpa-dp-0.75,2,"[[448, 87, 134, 11, 34, 10, 14, 34, 157, 71], [16, 801, 4, 5, 15, 3, 7, 20, 29, 100], [47, 36, 416, 49, 149, 68, 88, 73, 46, 28], [11, 54, 156, 239, 125, 134, 63, 111, 29, 78], [18, 30, 123, 37, 468, 40, 93, 146, 28, 17], [7, 19, 126, 142, 118, 363, 31, 143, 28, 23], [11, 51, 91, 46, 149, 16, 551, 19, 28, 38], [8, 21, 69, 19, 92, 59, 10, 653, 11, 58], [44, 110, 38, 10, 17, 12, 10, 13, 709, 37], [16, 157, 16, 14, 18, 2, 7, 32, 44, 694]]"
dpa-dp-0.65,0,"[[440, 65, 117, 19, 19, 21, 24, 23, 205, 67], [45, 594, 10, 23, 9, 4, 20, 27, 68, 200], [69, 30, 390, 61, 138, 104, 73, 61, 45, 29], [22, 33, 160, 217, 135, 147, 97, 103, 31, 55], [18, 28, 98, 54, 401, 76, 128, 156, 22, 19], [7, 15, 183, 145, 147, 258, 60, 146, 14, 25], [14, 18, 78, 81, 143, 48, 509, 24, 31, 54], [9, 25, 57, 45, 93, 83, 22, 593, 10, 63], [66, 86, 54, 35, 15, 16, 12, 18, 619, 79], [31, 160, 11, 23, 15, 14, 9, 49, 75, 613]]"
dpa-dp-0.65,1,"[[455, 65, 164, 6, 24, 16, 31, 32, 123, 84], [34, 679, 19, 14, 8, 8, 15, 12, 22, 189], [57, 16, 419, 65, 150, 91, 90, 49, 30, 33], [16, 34, 169, 233, 126, 178, 77, 68, 23, 76], [14, 12, 134, 63, 446, 68, 108, 104, 14, 37], [3, 20, 136, 181, 134, 300, 59, 112, 10, 45], [13, 22, 66, 75, 144, 30, 557, 25, 20, 48], [10, 16, 74, 50, 120, 70, 13, 559, 4, 84], [99, 75, 75, 25, 17, 15, 11, 13, 581, 89], [30, 117, 30, 21, 13, 11, 13, 39, 36, 690]]"
dpa-dp-0.65,2,"[[401, 86, 166, 10, 46, 8, 26, 21, 178, 58], [25, 736, 9, 13, 19, 8, 11, 7, 46, 126], [62, 26, 412, 53, 175, 66, 96, 40, 46, 24], [26, 38, 130, 235, 168, 133, 97, 82, 34, 57], [13, 30, 149, 44, 501, 49, 106, 71, 21, 16], [7, 25, 169, 153, 173, 263, 43, 121, 18, 28], [21, 30, 73, 49, 149, 27, 594, 10, 29, 18], [7, 34, 63, 39, 168, 85, 13, 515, 10, 66], [66, 100, 48, 21, 34, 8, 14, 5, 650, 54], [25, 167, 30, 12, 41, 4, 9, 24, 53, 635]]"
